id,name,lastname,email,gender,ip
1,Cilka,Galier,cgalier0@mlb.com,Female,224.40.193.143
2,Rab,Keenor,rkeenor1@symantec.com,Male,98.4.128.186
3,Verna,Scrase,vscrase2@shop-pro.jp,Female,246.239.216.95
4,Dav,Rubinshtein,drubinshtein3@ifeng.com,Male,111.73.191.188
5,Dorise,Kirvell,dkirvell4@yahoo.com,Female,212.198.159.99
6,Jeni,Driutti,jdriutti5@baidu.com,Female,214.178.197.197
7,Elisabet,Haack,ehaack6@cnbc.com,Female,84.240.15.5
8,Graehme,Mohammad,gmohammad7@msu.edu,Male,163.250.18.220
9,Bondon,Huston,bhuston8@gnu.org,Male,61.123.76.56
10,Nil,Mangenet,nmangenet9@princeton.edu,Male,228.134.210.209
11,Abrahan,Olwen,aolwena@berkeley.edu,Male,5.0.255.247
12,Gabriel,MacCafferky,gmaccafferkyb@tamu.edu,Female,148.79.211.169
13,Miner,Hanny,mhannyc@webmd.com,Male,248.165.40.208
14,Jose,Rops,jropsd@com.com,Male,206.134.53.155
15,Lewiss,Python,lpythone@ibm.com,Male,251.187.32.102
16,Hubey,Phythean,hphytheanf@globo.com,Male,107.202.222.23
17,Deni,Hedderly,dhedderlyg@wordpress.com,Female,62.100.204.87
18,Nariko,Dimic,ndimich@elegantthemes.com,Female,20.239.93.29
19,Adoree,McDermott-Row,amcdermottrowi@craigslist.org,Female,234.37.65.91
20,Noreen,Bowe,nbowej@github.io,Female,68.10.147.13
21,Quincy,Ventham,qventhamk@example.com,Male,37.209.226.199
22,Nicole,Dury,nduryl@t-online.de,Female,157.225.91.106
23,Ancell,Seedman,aseedmanm@smugmug.com,Male,243.180.200.235
24,Guntar,Maryman,gmarymann@noaa.gov,Male,43.81.250.12
25,Elset,Haken,ehakeno@goodreads.com,Female,249.86.72.165
26,Nolana,Rigbye,nrigbyep@cbc.ca,Female,138.144.72.110
27,Crichton,Mathivon,cmathivonq@princeton.edu,Male,206.186.225.17
28,Catina,Oxenford,coxenfordr@1und1.de,Female,247.100.191.226
29,Melessa,Hollingsby,mhollingsbys@businesswire.com,Female,224.0.153.188
30,Danie,Relph,drelpht@cornell.edu,Male,199.39.64.128
31,Winfield,McQuarrie,wmcquarrieu@tripadvisor.com,Male,182.41.35.45
32,Avery,Fludder,afludderv@answers.com,Male,188.98.195.118
33,Gaile,Dedam,gdedamw@va.gov,Male,202.190.180.235
34,Ruthann,Bum,rbumx@jiathis.com,Female,152.106.227.23
35,Wald,Carlesso,wcarlessoy@google.co.uk,Male,206.57.175.131
36,Royce,Hotton,rhottonz@netscape.com,Male,162.46.112.174
37,Alecia,Ong,aong10@ihg.com,Female,170.56.65.131
38,Diarmid,Stavers,dstavers11@about.com,Male,175.129.130.61
39,Danica,Koop,dkoop12@trellian.com,Female,249.230.116.42
40,Maje,Ainger,mainger13@wufoo.com,Male,51.175.165.38
41,Adara,Clayhill,aclayhill14@istockphoto.com,Female,88.173.48.47
42,Alys,Purry,apurry15@sourceforge.net,Female,110.241.231.220
43,Jillene,Hemeret,jhemeret16@arstechnica.com,Female,7.75.8.148
44,Shina,Aujouanet,saujouanet17@geocities.jp,Female,116.191.177.232
45,Viv,O'Shee,voshee18@blogs.com,Female,61.207.31.25
46,Lidia,Alway,lalway19@clickbank.net,Female,208.87.118.230
47,Benito,Jearum,bjearum1a@yolasite.com,Male,190.217.187.78
48,Jacqueline,Langcastle,jlangcastle1b@mapy.cz,Female,240.46.172.123
49,Giralda,Spires,gspires1c@meetup.com,Female,179.101.71.42
50,Levy,Surgeoner,lsurgeoner1d@360.cn,Male,79.51.180.143
51,Wat,Blaskett,wblaskett1e@wiley.com,Male,61.31.240.156
52,Arne,Shapcott,ashapcott1f@infoseek.co.jp,Male,86.249.20.148
53,Cort,Hollyard,chollyard1g@icio.us,Male,191.166.254.159
54,Bobbi,Kigelman,bkigelman1h@umich.edu,Female,194.217.0.220
55,Concordia,Devennie,cdevennie1i@geocities.jp,Female,111.146.38.146
56,Shelli,Kernocke,skernocke1j@usa.gov,Female,167.7.104.5
57,Emylee,Grushin,egrushin1k@google.co.uk,Female,159.172.191.76
58,Bendite,Felten,bfelten1l@about.com,Female,79.51.151.141
59,Andre,Dicken,adicken1m@cornell.edu,Male,209.151.225.233
60,Rivalee,MacAless,rmacaless1n@nps.gov,Female,147.129.40.237
61,Tremain,Ridd,tridd1o@ehow.com,Male,66.124.108.188
62,Woody,Orred,worred1p@harvard.edu,Male,235.195.158.20
63,Cristian,Plumridge,cplumridge1q@123-reg.co.uk,Male,108.180.225.42
64,Sawyere,Fryman,sfryman1r@smugmug.com,Male,147.142.133.255
65,Cori,Mellodey,cmellodey1s@nih.gov,Female,191.154.19.222
66,Portie,Baden,pbaden1t@dropbox.com,Male,163.241.226.224
67,Virgil,Simper,vsimper1u@qq.com,Male,128.43.146.230
68,Darsie,Piddington,dpiddington1v@ftc.gov,Female,52.33.214.145
69,Nelson,Feaks,nfeaks1w@mail.ru,Male,53.224.167.206
70,Lenore,Shitliff,lshitliff1x@nps.gov,Female,101.244.31.119
71,Dniren,Caselli,dcaselli1y@dedecms.com,Female,210.13.63.218
72,Orelee,Punchard,opunchard1z@netlog.com,Female,159.70.200.178
73,Mead,Petruszka,mpetruszka20@behance.net,Female,183.237.44.82
74,Edi,Attwill,eattwill21@yelp.com,Female,16.14.31.13
75,Robinia,Iacovielli,riacovielli22@tumblr.com,Female,3.250.135.238
76,Anny,Meakin,ameakin23@vk.com,Female,251.129.220.198
77,Bernhard,Ruselin,bruselin24@marriott.com,Male,107.132.227.72
78,Sherry,Moneti,smoneti25@skype.com,Female,205.130.5.88
79,Harvey,Tolliday,htolliday26@sina.com.cn,Male,133.58.234.10
80,Arabella,Beakes,abeakes27@joomla.org,Female,242.231.81.17
81,Florian,Zmitrovich,fzmitrovich28@blogger.com,Male,206.19.189.40
82,Jenda,Sturch,jsturch29@topsy.com,Female,185.192.212.22
83,Elnar,Jecock,ejecock2a@whitehouse.gov,Male,222.1.167.229
84,Rosalinda,Wallace,rwallace2b@paypal.com,Female,124.231.23.97
85,Cully,Prine,cprine2c@ibm.com,Male,253.118.222.200
86,Doralynne,Singyard,dsingyard2d@ebay.co.uk,Female,48.190.117.244
87,Eldridge,Brimble,ebrimble2e@amazon.co.jp,Male,71.36.76.24
88,Donnie,Yakebovitch,dyakebovitch2f@moonfruit.com,Female,206.213.66.196
89,Kenneth,Goranov,kgoranov2g@thetimes.co.uk,Male,231.163.35.59
90,Jamie,Jennins,jjennins2h@canalblog.com,Male,46.226.112.250
91,Casi,Fydoe,cfydoe2i@printfriendly.com,Female,107.201.21.35
92,Alvera,Lardier,alardier2j@miibeian.gov.cn,Female,238.119.115.73
93,Bambi,Garment,bgarment2k@live.com,Female,164.34.104.199
94,Elset,Pickup,epickup2l@oaic.gov.au,Female,143.21.11.126
95,Lesly,Jorgensen,ljorgensen2m@pbs.org,Female,62.156.114.94
96,Giorgia,Cottel,gcottel2n@ning.com,Female,204.9.96.137
97,Garvey,Aldham,galdham2o@diigo.com,Male,168.195.60.88
98,Skip,Terrazzo,sterrazzo2p@feedburner.com,Male,57.170.175.91
99,Benoite,Quantick,bquantick2q@sbwire.com,Female,21.88.220.5
100,Orton,Gyles,ogyles2r@theglobeandmail.com,Male,197.226.67.231
101,Elset,Mossbee,emossbee2s@arizona.edu,Female,116.202.217.42
102,Inger,Sauvage,isauvage2t@go.com,Male,206.134.174.183
103,Shurlocke,Tappor,stappor2u@statcounter.com,Male,243.10.28.73
104,Daryn,Groocock,dgroocock2v@ed.gov,Female,173.133.181.125
105,Inglebert,Bang,ibang2w@sohu.com,Male,176.215.104.122
106,Dulcea,Fauguel,dfauguel2x@flavors.me,Female,84.189.197.21
107,Haydon,Caddock,hcaddock2y@dion.ne.jp,Male,80.196.236.53
108,Roarke,Nazaret,rnazaret2z@timesonline.co.uk,Male,167.5.205.176
109,Ralf,Easman,reasman30@vistaprint.com,Male,133.126.215.199
110,Kanya,Szymanski,kszymanski31@jigsy.com,Female,42.229.99.14
111,Harwell,Doget,hdoget32@edublogs.org,Male,151.229.174.64
112,Dian,Peever,dpeever33@ucoz.ru,Female,30.36.80.104
113,Austina,Laborde,alaborde34@ehow.com,Female,240.97.182.46
114,Clareta,Orton,corton35@digg.com,Female,151.108.15.164
115,Jen,Domenget,jdomenget36@quantcast.com,Female,33.89.16.47
116,Jeddy,Reschke,jreschke37@photobucket.com,Male,82.110.109.130
117,Emalia,Jankovic,ejankovic38@noaa.gov,Female,169.249.248.238
118,Delmore,Jandac,djandac39@ibm.com,Male,131.2.98.122
119,Elly,Willowby,ewillowby3a@npr.org,Female,36.42.109.90
120,Meagan,Van Eeden,mvaneeden3b@cdbaby.com,Female,195.67.201.171
121,Conrade,Sollis,csollis3c@devhub.com,Male,53.169.26.177
122,Bernetta,Tomasi,btomasi3d@nationalgeographic.com,Female,70.3.24.194
123,Willi,Salvati,wsalvati3e@taobao.com,Male,244.84.110.232
124,Cathe,Potbury,cpotbury3f@unesco.org,Female,133.150.89.48
125,Dode,Yushkov,dyushkov3g@intel.com,Female,228.181.208.54
126,Sibilla,Hould,should3h@amazon.co.jp,Female,165.124.90.47
127,Jillie,Grevel,jgrevel3i@foxnews.com,Female,220.121.247.226
128,Isidor,Gather,igather3j@storify.com,Male,128.121.25.137
129,Kiley,Ciric,kciric3k@topsy.com,Female,193.94.48.232
130,Garvin,Huett,ghuett3l@homestead.com,Male,235.11.156.11
131,Kissiah,Jordin,kjordin3m@pagesperso-orange.fr,Female,159.153.154.134
132,Ramon,Birkwood,rbirkwood3n@businessinsider.com,Male,155.180.245.245
133,Bing,Torra,btorra3o@wufoo.com,Male,230.141.85.160
134,Heall,Barbosa,hbarbosa3p@blogs.com,Male,16.112.170.186
135,Wilhelmine,Saffe,wsaffe3q@wsj.com,Female,40.4.2.181
136,Burr,Bredee,bbredee3r@ucla.edu,Male,221.130.95.50
137,Hedwig,Thickin,hthickin3s@wikispaces.com,Female,4.168.43.155
138,Chris,Madine,cmadine3t@soundcloud.com,Male,173.23.119.166
139,Shawn,Strelitzki,sstrelitzki3u@rambler.ru,Male,196.0.77.23
140,Flss,Roskruge,froskruge3v@usnews.com,Female,124.23.119.120
141,Karina,Dows,kdows3w@fema.gov,Female,196.85.132.255
142,Vernor,McAree,vmcaree3x@google.es,Male,3.60.102.231
143,Shawn,Haig,shaig3y@hugedomains.com,Male,3.103.33.58
144,Bond,Jedrasik,bjedrasik3z@sciencedirect.com,Male,110.120.93.43
145,Carina,Gosnold,cgosnold40@wikipedia.org,Female,156.211.102.200
146,Coleman,Hamfleet,chamfleet41@google.com.au,Male,197.93.168.171
147,Darill,Dragge,ddragge42@com.com,Male,49.124.216.49
148,Hadleigh,Bendson,hbendson43@scribd.com,Male,141.59.87.114
149,Faye,Morstatt,fmorstatt44@last.fm,Female,118.220.232.149
150,Lynn,Murrock,lmurrock45@va.gov,Female,28.228.42.106
151,Genni,Klimas,gklimas46@engadget.com,Female,27.227.44.63
152,Albert,Sevior,asevior47@smugmug.com,Male,82.71.140.213
153,Kayley,Magwood,kmagwood48@whitehouse.gov,Female,20.188.242.209
154,Felicdad,Musto,fmusto49@mit.edu,Female,88.200.236.73
155,Dori,Daykin,ddaykin4a@upenn.edu,Female,162.227.171.68
156,Evita,Mettericke,emettericke4b@stanford.edu,Female,76.167.125.155
157,Evey,Vittel,evittel4c@last.fm,Female,46.168.79.72
158,Yard,Birwhistle,ybirwhistle4d@arizona.edu,Male,18.232.17.224
159,Bill,Trinkwon,btrinkwon4e@skyrock.com,Male,28.76.51.35
160,Ulla,Gatherell,ugatherell4f@ucsd.edu,Female,197.130.34.68
161,Gordan,Gulley,ggulley4g@comcast.net,Male,109.36.59.113
162,Graeme,Corradetti,gcorradetti4h@independent.co.uk,Male,222.135.222.235
163,Benjamin,Cherry,bcherry4i@geocities.jp,Male,105.115.85.205
164,Hetty,Monte,hmonte4j@behance.net,Female,210.188.150.59
165,Lizzie,Brassill,lbrassill4k@disqus.com,Female,101.3.4.250
166,Bobbe,Spinley,bspinley4l@jiathis.com,Female,139.34.135.86
167,Gregorius,Carnier,gcarnier4m@wordpress.com,Male,160.121.162.221
168,Gerome,Rentoul,grentoul4n@apple.com,Male,144.57.240.124
169,Lyndsey,Grichukhin,lgrichukhin4o@latimes.com,Female,65.156.171.231
170,Jessee,McGlade,jmcglade4p@tamu.edu,Male,126.82.43.232
171,Carney,Smeal,csmeal4q@google.es,Male,25.86.215.82
172,Pebrook,Aberkirdo,paberkirdo4r@epa.gov,Male,246.49.153.118
173,Luce,Damrell,ldamrell4s@gizmodo.com,Male,128.9.223.96
174,Rozalie,Dehn,rdehn4t@whitehouse.gov,Female,250.195.14.209
175,Vance,Handsheart,vhandsheart4u@yahoo.co.jp,Male,19.252.4.130
176,Penn,Coplestone,pcoplestone4v@abc.net.au,Male,237.244.156.166
177,Hedda,Fairlem,hfairlem4w@who.int,Female,134.160.132.74
178,Gannie,Berk,gberk4x@disqus.com,Male,89.36.132.156
179,Nicola,Woodison,nwoodison4y@indiegogo.com,Female,161.236.29.197
180,Temple,Wayland,twayland4z@usnews.com,Male,157.163.59.64
181,Lillian,Decourcy,ldecourcy50@google.it,Female,120.225.242.145
182,Keelby,Lowensohn,klowensohn51@instagram.com,Male,73.76.230.241
183,Valry,Jendrach,vjendrach52@ycombinator.com,Female,90.44.9.125
184,Buddie,Jeays,bjeays53@csmonitor.com,Male,59.37.181.82
185,Cash,Gabbett,cgabbett54@sakura.ne.jp,Male,123.213.104.17
186,Suzi,Sprigging,ssprigging55@nba.com,Female,230.17.123.21
187,Devonne,Rosenthaler,drosenthaler56@creativecommons.org,Female,170.162.172.154
188,Jean,Farquar,jfarquar57@gnu.org,Male,170.214.7.99
189,Silvano,Trayes,strayes58@tmall.com,Male,81.200.103.105
190,Petr,Cecchetelli,pcecchetelli59@columbia.edu,Male,255.139.230.170
191,Carrol,Strowther,cstrowther5a@oakley.com,Male,222.237.216.42
192,Tarra,Thelwll,tthelwll5b@arizona.edu,Female,129.244.155.101
193,Waverly,de Marco,wdemarco5c@fda.gov,Male,248.146.228.201
194,Elsie,Blaik,eblaik5d@nymag.com,Female,204.84.93.237
195,Sissie,Vigurs,svigurs5e@sakura.ne.jp,Female,104.136.33.158
196,Olin,Richardes,orichardes5f@nifty.com,Male,193.94.219.54
197,Trescha,Haddy,thaddy5g@rambler.ru,Female,223.54.183.114
198,Tomkin,MacCafferty,tmaccafferty5h@cornell.edu,Male,12.45.80.251
199,Claudie,Teulier,cteulier5i@dailymail.co.uk,Female,216.220.53.174
200,Ruthanne,Klejin,rklejin5j@who.int,Female,146.125.225.165
201,Torry,Gunson,tgunson5k@patch.com,Male,83.59.214.194
202,Blake,Filippazzo,bfilippazzo5l@tinypic.com,Female,188.212.246.253
203,Kylynn,Northfield,knorthfield5m@smugmug.com,Female,161.200.22.113
204,Sharron,Gozzard,sgozzard5n@tripadvisor.com,Female,28.182.189.179
205,Marys,Jedrychowski,mjedrychowski5o@yolasite.com,Female,220.61.249.191
206,Mathian,Colnett,mcolnett5p@angelfire.com,Male,177.239.155.105
207,Stella,Jenney,sjenney5q@disqus.com,Female,146.145.76.96
208,Roland,Yakubovich,ryakubovich5r@delicious.com,Male,71.21.67.188
209,Zorana,Labbe,zlabbe5s@dmoz.org,Female,180.177.26.221
210,Julieta,Cottey,jcottey5t@google.com,Female,9.214.198.252
211,Prudi,Yanne,pyanne5u@typepad.com,Female,91.15.164.11
212,Carla,Marcq,cmarcq5v@fda.gov,Female,8.251.190.47
213,Diego,Wicklin,dwicklin5w@jalbum.net,Male,139.39.20.217
214,Giles,Venny,gvenny5x@bandcamp.com,Male,191.162.39.152
215,Garold,Fletham,gfletham5y@rediff.com,Male,161.33.14.75
216,Leupold,Donoghue,ldonoghue5z@fastcompany.com,Male,243.93.5.165
217,Rustin,McLarens,rmclarens60@wordpress.com,Male,123.152.111.3
218,Mela,O'Keefe,mokeefe61@linkedin.com,Female,206.222.213.17
219,Borg,Pearsall,bpearsall62@jimdo.com,Male,78.88.212.167
220,Jessamyn,Botha,jbotha63@linkedin.com,Female,138.235.189.92
221,Aleen,Pace,apace64@biblegateway.com,Female,182.242.50.93
222,Ogden,Maine,omaine65@sogou.com,Male,29.235.65.0
223,Dora,D'Ambrosi,ddambrosi66@wordpress.org,Female,147.68.149.14
224,Rona,Loutheane,rloutheane67@live.com,Female,205.52.203.128
225,Ibbie,Kilmister,ikilmister68@merriam-webster.com,Female,115.67.2.226
226,Beverlie,Benedikt,bbenedikt69@opensource.org,Female,97.52.114.131
227,Brodie,Ivison,bivison6a@auda.org.au,Male,175.218.163.101
228,Selene,Barbosa,sbarbosa6b@dmoz.org,Female,137.104.51.168
229,Nickolas,Algar,nalgar6c@deliciousdays.com,Male,86.7.58.193
230,Janenna,Coalburn,jcoalburn6d@mozilla.com,Female,161.23.124.104
231,Tybalt,Eidler,teidler6e@imgur.com,Male,144.145.226.175
232,Harrison,Dearing,hdearing6f@themeforest.net,Male,30.221.181.69
233,Trudey,Gerrad,tgerrad6g@ameblo.jp,Female,184.83.15.132
234,Melita,Rembrandt,mrembrandt6h@nymag.com,Female,199.223.80.232
235,Karna,Vergine,kvergine6i@discovery.com,Female,165.181.162.32
236,Dore,Furbank,dfurbank6j@blogspot.com,Male,124.119.174.252
237,Loren,Orum,lorum6k@nbcnews.com,Male,246.253.32.245
238,Janina,Guerin,jguerin6l@ihg.com,Female,61.43.140.178
239,Aurilia,Belcham,abelcham6m@nasa.gov,Female,216.130.138.93
240,Marysa,Hargreave,mhargreave6n@accuweather.com,Female,65.186.43.2
241,Harley,Stubley,hstubley6o@biglobe.ne.jp,Male,242.189.247.152
242,Dorey,Dilks,ddilks6p@gravatar.com,Female,84.68.32.68
243,Rubetta,Filipychev,rfilipychev6q@usda.gov,Female,75.168.187.232
244,Aliza,Chittie,achittie6r@yolasite.com,Female,78.223.3.246
245,Mikkel,Ruthen,mruthen6s@slate.com,Male,210.49.89.138
246,Kordula,Blaiklock,kblaiklock6t@msn.com,Female,133.175.32.55
247,Arlen,Fabler,afabler6u@mail.ru,Male,36.248.240.226
248,Gert,Pietruszewicz,gpietruszewicz6v@ted.com,Female,160.202.248.15
249,Emlynn,Cullinane,ecullinane6w@bizjournals.com,Female,185.145.214.177
250,Bidget,Spencelayh,bspencelayh6x@networksolutions.com,Female,18.245.237.230
251,Julianne,Blaber,jblaber6y@canalblog.com,Female,119.91.203.47
252,Berk,Hadlington,bhadlington6z@auda.org.au,Male,100.181.48.223
253,Milli,Beric,mberic70@mit.edu,Female,239.62.95.26
254,Van,Panketh,vpanketh71@japanpost.jp,Male,253.164.31.65
255,Jacquette,Blazdell,jblazdell72@oracle.com,Female,0.20.144.197
256,Sayres,Helks,shelks73@eventbrite.com,Male,87.93.94.25
257,Alfy,Casina,acasina74@360.cn,Female,186.127.247.188
258,Pam,Jewel,pjewel75@salon.com,Female,40.72.109.152
259,Cherey,Odell,codell76@google.es,Female,6.229.78.74
260,Wit,Lilian,wlilian77@twitpic.com,Male,196.182.37.1
261,Eugenia,Goncaves,egoncaves78@reverbnation.com,Female,136.158.11.161
262,Linoel,Feetham,lfeetham79@dion.ne.jp,Male,160.10.50.84
263,Kelwin,Husk,khusk7a@sun.com,Male,87.49.206.98
264,Norbie,Prator,nprator7b@ted.com,Male,142.52.28.253
265,Charis,Mullin,cmullin7c@privacy.gov.au,Female,77.79.214.192
266,Ciro,St Quenin,cstquenin7d@bloglines.com,Male,165.28.196.126
267,Mikkel,Top,mtop7e@msn.com,Male,202.127.231.19
268,Stan,Fisbey,sfisbey7f@exblog.jp,Male,173.197.24.91
269,Carroll,Melmar,cmelmar7g@rediff.com,Male,237.101.10.221
270,Chris,Dugmore,cdugmore7h@mail.ru,Female,27.153.215.227
271,Merv,Pether,mpether7i@tamu.edu,Male,73.7.255.57
272,Olly,Orro,oorro7j@csmonitor.com,Female,204.212.100.7
273,Dillon,Dominici,ddominici7k@xrea.com,Male,202.44.221.3
274,Dorine,Annis,dannis7l@typepad.com,Female,238.153.18.55
275,Ingemar,Plowright,iplowright7m@devhub.com,Male,29.72.225.126
276,Dorita,Vlasov,dvlasov7n@barnesandnoble.com,Female,163.37.214.15
277,Zollie,Theodore,ztheodore7o@nifty.com,Male,171.159.192.47
278,Verne,Jeannon,vjeannon7p@typepad.com,Male,172.103.21.39
279,Orelia,Brislane,obrislane7q@icq.com,Female,113.92.27.131
280,Nicole,Rocca,nrocca7r@google.pl,Female,205.253.216.74
281,Koren,Rigard,krigard7s@gmpg.org,Female,59.111.231.122
282,Carr,Mieville,cmieville7t@bloomberg.com,Male,185.68.188.159
283,Donetta,Wethey,dwethey7u@theglobeandmail.com,Female,65.125.188.43
284,Ramsey,Stoving,rstoving7v@nih.gov,Male,165.188.195.17
285,Sella,Blissett,sblissett7w@slideshare.net,Female,121.156.41.204
286,Rhiamon,Hadland,rhadland7x@homestead.com,Female,216.238.111.147
287,Holli,Andrasch,handrasch7y@prweb.com,Female,170.215.74.133
288,Rowland,Eccleshare,reccleshare7z@plala.or.jp,Male,192.92.5.245
289,Gunilla,Revitt,grevitt80@blogger.com,Female,229.163.228.123
290,Megan,Spurden,mspurden81@creativecommons.org,Female,187.90.94.200
291,Terry,Saberton,tsaberton82@1und1.de,Male,151.181.116.116
292,Gertie,Cavilla,gcavilla83@tinypic.com,Female,90.124.83.29
293,Urson,Christer,uchrister84@networksolutions.com,Male,75.73.8.87
294,Lydia,Allchorn,lallchorn85@biglobe.ne.jp,Female,91.122.190.162
295,Fabien,Huckstepp,fhuckstepp86@oakley.com,Male,44.244.114.138
296,Ivy,Giacoppo,igiacoppo87@youtube.com,Female,79.75.111.249
297,Lorrayne,Boyle,lboyle88@unesco.org,Female,109.140.39.97
298,Grant,Durker,gdurker89@zimbio.com,Male,143.230.218.40
299,Carree,Flawn,cflawn8a@theguardian.com,Female,240.165.69.194
300,Sheila-kathryn,Klimaszewski,sklimaszewski8b@51.la,Female,254.113.176.145
301,Marie-ann,Spary,mspary8c@nature.com,Female,71.141.247.4
302,Oran,Durie,odurie8d@businessinsider.com,Male,232.19.134.108
303,Ira,Guildford,iguildford8e@gnu.org,Male,212.61.10.68
304,Robyn,Gruszczak,rgruszczak8f@buzzfeed.com,Female,229.217.40.109
305,Lin,Halligan,lhalligan8g@sciencedaily.com,Male,101.17.95.199
306,Rory,Jouaneton,rjouaneton8h@ibm.com,Male,110.28.118.249
307,Danny,Skoughman,dskoughman8i@zimbio.com,Male,58.176.239.235
308,Nye,Ingarfill,ningarfill8j@infoseek.co.jp,Male,222.242.123.189
309,Rice,Gerdts,rgerdts8k@jigsy.com,Male,26.19.87.16
310,Leah,Kenningham,lkenningham8l@craigslist.org,Female,176.81.13.86
311,Earle,Draisey,edraisey8m@canalblog.com,Male,247.49.15.209
312,Libbey,Clynmans,lclynmans8n@mtv.com,Female,109.148.120.169
313,Iggy,Bloxam,ibloxam8o@usgs.gov,Male,78.88.153.122
314,Lanie,Langhorn,llanghorn8p@businesswire.com,Male,229.11.83.246
315,Dewitt,Sommerton,dsommerton8q@behance.net,Male,42.131.21.146
316,Josias,Gentner,jgentner8r@bloglines.com,Male,153.202.11.194
317,Buckie,Dury,bdury8s@eventbrite.com,Male,56.146.74.151
318,Dall,Farlow,dfarlow8t@spotify.com,Male,248.140.139.254
319,Brion,Gergolet,bgergolet8u@liveinternet.ru,Male,10.146.11.71
320,Darice,Glison,dglison8v@auda.org.au,Female,152.245.159.100
321,Si,Scedall,sscedall8w@washington.edu,Male,22.109.190.120
322,Ginger,Wolfarth,gwolfarth8x@flavors.me,Female,135.72.65.207
323,Geri,Eason,geason8y@taobao.com,Female,91.158.162.31
324,Dom,Revel,drevel8z@comcast.net,Male,179.40.190.176
325,Windham,Riddick,wriddick90@exblog.jp,Male,24.175.208.192
326,Buiron,Tomaszek,btomaszek91@ask.com,Male,154.8.148.154
327,Cherish,Calvard,ccalvard92@themeforest.net,Female,204.205.105.133
328,Christan,Matantsev,cmatantsev93@berkeley.edu,Female,208.127.105.91
329,Tedman,Rippingale,trippingale94@blogs.com,Male,141.219.225.196
330,Dolores,Boick,dboick95@umn.edu,Female,20.156.129.73
331,Randa,Shera,rshera96@marketwatch.com,Female,232.187.13.51
332,Lynda,Suggett,lsuggett97@yellowbook.com,Female,29.159.84.134
333,Jolee,Fillon,jfillon98@goo.gl,Female,51.96.21.180
334,Indira,Lineham,ilineham99@tinypic.com,Female,13.163.183.179
335,Alasdair,Moggle,amoggle9a@xinhuanet.com,Male,104.200.202.235
336,Erina,Eplate,eeplate9b@jalbum.net,Female,165.160.165.18
337,Shirlee,Letcher,sletcher9c@shutterfly.com,Female,52.25.174.92
338,Audrey,Prew,aprew9d@xing.com,Female,237.215.59.95
339,Violante,Pyrton,vpyrton9e@tmall.com,Female,113.48.35.186
340,Branden,Falkus,bfalkus9f@ftc.gov,Male,87.228.243.218
341,Arnuad,Phinnessy,aphinnessy9g@ning.com,Male,29.246.28.228
342,Hendrika,Casellas,hcasellas9h@businessweek.com,Female,188.206.165.34
343,Elvera,Relfe,erelfe9i@edublogs.org,Female,105.39.116.160
344,Augusto,Skala,askala9j@europa.eu,Male,202.160.0.241
345,Mona,Caghy,mcaghy9k@twitpic.com,Female,221.95.178.148
346,Aube,Emsden,aemsden9l@noaa.gov,Male,244.197.253.200
347,Broderic,Juan,bjuan9m@wiley.com,Male,134.95.12.220
348,Meade,Biagini,mbiagini9n@ocn.ne.jp,Female,33.192.169.219
349,Frederik,Strainge,fstrainge9o@whitehouse.gov,Male,49.72.220.93
350,Rolfe,Bagby,rbagby9p@homestead.com,Male,77.210.215.103
351,Con,Cantrill,ccantrill9q@zdnet.com,Male,77.137.55.109
352,Aridatha,Lampard,alampard9r@google.co.jp,Female,38.196.194.156
353,Hal,Lattimer,hlattimer9s@simplemachines.org,Male,87.198.235.217
354,Theresina,Kingsmill,tkingsmill9t@nymag.com,Female,30.41.129.255
355,Gayle,Sirrell,gsirrell9u@google.cn,Female,122.206.193.59
356,Alidia,Symper,asymper9v@constantcontact.com,Female,179.6.206.189
357,Kim,Mongan,kmongan9w@microsoft.com,Male,119.66.135.97
358,Juliet,Aneley,janeley9x@taobao.com,Female,54.48.142.20
359,Martelle,Jakes,mjakes9y@techcrunch.com,Female,233.40.149.109
360,Kettie,Spondley,kspondley9z@elegantthemes.com,Female,42.131.185.203
361,Jard,Peddar,jpeddara0@indiegogo.com,Male,106.82.225.224
362,Brnaby,Janas,bjanasa1@mediafire.com,Male,136.78.48.203
363,Byran,Galvan,bgalvana2@ifeng.com,Male,213.204.166.6
364,Darill,McVittie,dmcvittiea3@google.pl,Male,179.176.99.11
365,Raychel,Pawlyn,rpawlyna4@unesco.org,Female,204.26.42.107
366,Vallie,Coley,vcoleya5@upenn.edu,Female,219.225.81.245
367,Amelina,Belhomme,abelhommea6@de.vu,Female,76.145.233.163
368,Web,Reichartz,wreichartza7@geocities.com,Male,63.191.90.165
369,Sim,Purdom,spurdoma8@istockphoto.com,Male,124.174.182.167
370,Jake,Lindenbluth,jlindenblutha9@ow.ly,Male,172.53.207.43
371,Coralyn,Brotherton,cbrothertonaa@fc2.com,Female,116.128.158.93
372,Romonda,Milmo,rmilmoab@globo.com,Female,36.226.62.136
373,Ellsworth,Crudgington,ecrudgingtonac@phoca.cz,Male,20.10.248.19
374,Roxie,Stickles,rsticklesad@phpbb.com,Female,237.38.190.59
375,Iggy,Boyles,iboylesae@webs.com,Male,119.43.82.91
376,Micaela,Yitzhak,myitzhakaf@dot.gov,Female,116.151.161.89
377,Mac,Janous,mjanousag@networksolutions.com,Male,227.16.203.213
378,Carleen,Hayle,chayleah@wikispaces.com,Female,21.48.197.145
379,Bonnie,Dilrew,bdilrewai@aol.com,Female,127.28.53.216
380,Letizia,Patullo,lpatulloaj@ask.com,Female,90.121.230.58
381,Myca,Sunter,msunterak@amazon.co.jp,Male,70.100.166.219
382,Hamid,Haskell,hhaskellal@csmonitor.com,Male,20.164.123.207
383,Lefty,Pionter,lpionteram@skype.com,Male,85.74.240.177
384,Magdaia,Arnal,marnalan@sogou.com,Female,126.242.48.251
385,Darya,Sprigg,dspriggao@github.com,Female,110.253.221.189
386,Madelle,Dawidsohn,mdawidsohnap@state.tx.us,Female,62.220.81.93
387,Luis,Matzkaitis,lmatzkaitisaq@apache.org,Male,131.232.28.206
388,Shellie,Wyrall,swyrallar@foxnews.com,Female,13.41.167.196
389,Vikki,Fidal,vfidalas@godaddy.com,Female,214.173.148.173
390,Ambrosio,Bosquet,abosquetat@deviantart.com,Male,133.74.44.28
391,Griffie,Bassilashvili,gbassilashviliau@behance.net,Male,33.31.119.104
392,Patsy,Winkell,pwinkellav@weibo.com,Male,67.159.73.80
393,Thain,Wase,twaseaw@networkadvertising.org,Male,178.182.176.228
394,Paton,Inwood,pinwoodax@gravatar.com,Male,14.183.195.227
395,Chantalle,Longbone,clongboneay@europa.eu,Female,115.54.223.56
396,Knox,Sissel,ksisselaz@deviantart.com,Male,166.102.91.17
397,Christalle,Caldecot,ccaldecotb0@naver.com,Female,63.239.168.153
398,Letti,Arman,larmanb1@columbia.edu,Female,91.216.93.26
399,Vivia,Eddicott,veddicottb2@mapquest.com,Female,22.23.24.61
400,Lanna,Burnet,lburnetb3@pinterest.com,Female,249.223.207.183
401,Buffy,Cosstick,bcosstickb4@xing.com,Female,90.2.136.168
402,Elsy,Cohn,ecohnb5@smugmug.com,Female,90.253.64.84
403,Abbey,Sails,asailsb6@amazon.co.jp,Female,112.112.53.136
404,Conrad,Enticott,centicottb7@nih.gov,Male,139.196.248.61
405,Marabel,Reynoldson,mreynoldsonb8@photobucket.com,Female,146.202.88.83
406,Marline,Prazer,mprazerb9@google.com,Female,53.33.106.108
407,Rebe,Frankis,rfrankisba@zdnet.com,Female,70.52.237.12
408,Kimmi,Poytheras,kpoytherasbb@digg.com,Female,222.57.116.177
409,Nathalia,Adamo,nadamobc@goo.gl,Female,215.133.26.75
410,Sonny,Sarchwell,ssarchwellbd@altervista.org,Male,164.37.208.91
411,Kimmy,Dow,kdowbe@apache.org,Female,243.67.16.165
412,Kimbell,Pottell,kpottellbf@arizona.edu,Male,55.245.61.70
413,Garland,Lakeland,glakelandbg@tiny.cc,Female,51.221.14.171
414,Filmer,Swinley,fswinleybh@devhub.com,Male,200.65.164.230
415,Corrie,McMahon,cmcmahonbi@nationalgeographic.com,Male,210.69.19.248
416,Yasmeen,Manclark,ymanclarkbj@samsung.com,Female,103.180.92.162
417,Cyrille,Pearn,cpearnbk@surveymonkey.com,Male,188.241.211.243
418,Dasie,Dovinson,ddovinsonbl@delicious.com,Female,230.57.206.56
419,Heath,Bellini,hbellinibm@tmall.com,Male,243.195.110.33
420,Alaine,Gentry,agentrybn@alexa.com,Female,136.252.153.161
421,Paula,Swainson,pswainsonbo@marketwatch.com,Female,43.219.255.82
422,Sean,Brideau,sbrideaubp@virginia.edu,Female,123.202.208.40
423,Kylynn,Piatti,kpiattibq@blogtalkradio.com,Female,235.222.235.190
424,Genia,Jiru,gjirubr@google.de,Female,11.93.43.207
425,Karlotte,Margeram,kmargerambs@jugem.jp,Female,197.202.164.8
426,Demetria,Leftley,dleftleybt@fda.gov,Female,44.52.209.53
427,Cassandry,Wenzel,cwenzelbu@arstechnica.com,Female,197.6.95.190
428,Egan,MacCurley,emaccurleybv@unicef.org,Male,76.136.17.243
429,Regina,Baddam,rbaddambw@cdbaby.com,Female,226.93.229.64
430,Vernon,Fasler,vfaslerbx@tumblr.com,Male,123.195.230.214
431,Klarika,Ginnell,kginnellby@fotki.com,Female,244.120.113.30
432,Ailsun,Dighton,adightonbz@facebook.com,Female,146.219.218.59
433,Emmey,Vel,evelc0@businessinsider.com,Female,8.11.200.59
434,Khalil,Biernacki,kbiernackic1@plala.or.jp,Male,112.141.234.6
435,Sanders,Cleaver,scleaverc2@domainmarket.com,Male,100.143.77.19
436,Barty,Cicco,bciccoc3@google.nl,Male,183.253.172.172
437,Gilbertina,Dillingham,gdillinghamc4@smugmug.com,Female,62.179.241.111
438,Berkie,Libbe,blibbec5@shop-pro.jp,Male,136.104.193.114
439,Morgana,Gatling,mgatlingc6@google.de,Female,183.115.195.13
440,Thornton,Plumridege,tplumridegec7@newsvine.com,Male,87.176.95.242
441,Andie,Davidsen,adavidsenc8@sohu.com,Male,157.104.193.246
442,Merwyn,Thurby,mthurbyc9@cnbc.com,Male,122.95.184.124
443,Katerina,Gittens,kgittensca@sourceforge.net,Female,12.133.98.80
444,Reuven,Manueau,rmanueaucb@over-blog.com,Male,205.239.49.26
445,Trudey,Hounsham,thounshamcc@exblog.jp,Female,34.162.99.146
446,Virgie,Libbie,vlibbiecd@cafepress.com,Male,167.80.233.89
447,Jock,Freeburn,jfreeburnce@hatena.ne.jp,Male,67.37.240.41
448,Conny,McSwan,cmcswancf@dell.com,Female,41.75.156.244
449,Harrietta,Bodell,hbodellcg@uol.com.br,Female,160.188.101.88
450,Mellisa,Kirstein,mkirsteinch@xrea.com,Female,189.91.81.165
451,Lalo,Shorto,lshortoci@si.edu,Male,246.12.115.117
452,Dan,Mortell,dmortellcj@twitpic.com,Male,8.239.45.53
453,Hartwell,Bentham,hbenthamck@umn.edu,Male,3.118.95.239
454,Elbertina,Drillingcourt,edrillingcourtcl@cnet.com,Female,218.143.90.167
455,Roselia,Scoterbosh,rscoterboshcm@biblegateway.com,Female,227.36.205.87
456,Hadrian,Gready,hgreadycn@parallels.com,Male,105.105.51.15
457,Justine,Moss,jmossco@washington.edu,Female,30.176.179.211
458,Kiah,Kett,kkettcp@ebay.com,Female,202.107.23.153
459,Ernestus,Ramsby,eramsbycq@google.co.uk,Male,99.184.20.32
460,Carry,Rait,craitcr@aol.com,Female,100.184.146.221
461,Lara,Ferrieri,lferrierics@time.com,Female,92.14.242.137
462,Ryun,MacNeillie,rmacneilliect@nymag.com,Male,40.8.190.174
463,Thorndike,Lamberts,tlambertscu@huffingtonpost.com,Male,17.123.48.41
464,Augusta,Sawle,asawlecv@mozilla.com,Female,82.251.247.159
465,Zedekiah,Blasl,zblaslcw@w3.org,Male,17.36.21.155
466,Serena,Gunny,sgunnycx@devhub.com,Female,228.56.77.133
467,Bettine,Makeswell,bmakeswellcy@newyorker.com,Female,171.255.172.61
468,Jared,Ladson,jladsoncz@npr.org,Male,239.212.203.254
469,Korrie,Annon,kannond0@sfgate.com,Female,117.142.244.78
470,Bethanne,Greenan,bgreenand1@google.pl,Female,51.255.95.163
471,Gaston,Elbourn,gelbournd2@ycombinator.com,Male,229.75.16.30
472,Berget,Delf,bdelfd3@imageshack.us,Female,223.205.168.137
473,Cymbre,Petchell,cpetchelld4@hp.com,Female,129.98.99.152
474,Franklin,Jereatt,fjereattd5@nbcnews.com,Male,203.25.29.114
475,Justinn,Di Biagio,jdibiagiod6@hp.com,Female,244.69.1.175
476,Rosene,McTrustie,rmctrustied7@devhub.com,Female,219.151.120.80
477,Demetria,Earland,dearlandd8@berkeley.edu,Female,29.16.83.46
478,Nicky,Andryushchenko,nandryushchenkod9@ebay.co.uk,Male,134.97.188.188
479,Emile,Verne,everneda@1und1.de,Male,139.190.187.230
480,Izabel,Abbis,iabbisdb@wiley.com,Female,38.27.89.80
481,Carey,McMillan,cmcmillandc@delicious.com,Female,198.31.201.18
482,Ogdon,Cattermole,ocattermoledd@va.gov,Male,133.48.169.58
483,Zelig,Eslinger,zeslingerde@alexa.com,Male,62.79.90.101
484,Samantha,Wadley,swadleydf@unc.edu,Female,250.220.244.87
485,Paulita,Beadell,pbeadelldg@chronoengine.com,Female,59.107.80.8
486,Layton,Renison,lrenisondh@devhub.com,Male,253.69.188.9
487,Nap,Gildersleaves,ngildersleavesdi@xinhuanet.com,Male,18.162.245.0
488,Lemuel,Mabson,lmabsondj@cisco.com,Male,142.42.165.20
489,Bernelle,Colisbe,bcolisbedk@free.fr,Female,98.232.46.192
490,Orson,Feldmann,ofeldmanndl@timesonline.co.uk,Male,21.240.27.253
491,Philis,Pepperell,ppepperelldm@vk.com,Female,36.16.175.202
492,Sandye,Fouracres,sfouracresdn@nationalgeographic.com,Female,193.232.25.35
493,Johanna,Childs,jchildsdo@thetimes.co.uk,Female,248.191.250.225
494,Juliane,Gilders,jgildersdp@about.me,Female,12.122.140.228
495,Aron,Mannock,amannockdq@oracle.com,Male,2.190.192.9
496,Valentia,Baume,vbaumedr@timesonline.co.uk,Female,188.20.111.79
497,Wayland,Hestrop,whestropds@privacy.gov.au,Male,115.243.221.75
498,Cary,Dunkerley,cdunkerleydt@phoca.cz,Male,56.219.105.247
499,Omar,MacGaughy,omacgaughydu@state.gov,Male,143.31.20.86
500,Judye,Reffe,jreffedv@amazonaws.com,Female,119.93.133.56
501,Grenville,Kittoe,gkittoedw@bing.com,Male,47.186.97.59
502,Elisabeth,Dumbar,edumbardx@cdbaby.com,Female,78.250.211.172
503,Jedd,Drayn,jdrayndy@friendfeed.com,Male,127.172.238.65
504,Nerty,Hasted,nhasteddz@51.la,Female,136.253.201.57
505,Ardis,Josefsson,ajosefssone0@csmonitor.com,Female,4.62.15.6
506,Robers,Larmor,rlarmore1@deliciousdays.com,Male,112.69.121.92
507,Simonette,Lunge,slungee2@mit.edu,Female,90.99.4.148
508,Vassily,Dunbobbin,vdunbobbine3@columbia.edu,Male,225.155.142.193
509,Fredrick,Rosenboim,frosenboime4@upenn.edu,Male,211.118.24.110
510,Thatcher,Ackrill,tackrille5@livejournal.com,Male,190.102.26.57
511,Kahlil,Brazelton,kbrazeltone6@dot.gov,Male,140.211.174.251
512,Giraldo,Amber,gambere7@goodreads.com,Male,28.232.159.52
513,Jocelyne,Hutable,jhutablee8@hud.gov,Female,77.69.253.117
514,Homerus,Banbridge,hbanbridgee9@java.com,Male,36.11.177.125
515,Melany,Shapero,mshaperoea@etsy.com,Female,180.47.66.14
516,Tandie,Grunwald,tgrunwaldeb@sakura.ne.jp,Female,43.213.112.90
517,Carey,Sparshett,csparshettec@posterous.com,Male,59.240.73.92
518,Agnola,Shiell,ashielled@webs.com,Female,213.22.55.205
519,Katha,Chander,kchanderee@illinois.edu,Female,138.243.65.182
520,Heinrick,Janman,hjanmanef@digg.com,Male,69.136.152.112
521,Jacinthe,Caroline,jcarolineeg@unicef.org,Female,32.83.41.111
522,Sidonnie,Thurstance,sthurstanceeh@sciencedirect.com,Female,69.181.187.86
523,Arron,Surtees,asurteesei@nba.com,Male,110.137.11.19
524,Jamie,Coomer,jcoomerej@wp.com,Male,37.164.197.84
525,August,Dignam,adignamek@apple.com,Male,198.238.149.110
526,Miles,Pattenden,mpattendenel@blogs.com,Male,110.187.28.24
527,Jessie,McFall,jmcfallem@squidoo.com,Female,210.125.32.43
528,Helaine,Hurn,hhurnen@cmu.edu,Female,138.210.127.229
529,Trstram,Gissing,tgissingeo@fda.gov,Male,35.203.211.243
530,Trudie,Friman,tfrimanep@phpbb.com,Female,50.154.69.57
531,Zorina,De Matteis,zdematteiseq@techcrunch.com,Female,231.122.57.25
532,Berta,Gaughan,bgaughaner@virginia.edu,Female,121.64.231.133
533,Porty,Keeling,pkeelinges@foxnews.com,Male,46.99.235.47
534,Alick,Woakes,awoakeset@cargocollective.com,Male,84.148.204.229
535,Mile,Teresse,mteresseeu@bizjournals.com,Male,165.130.225.159
536,Adler,Vasilyevski,avasilyevskiev@trellian.com,Male,42.28.10.46
537,Odilia,Roddick,oroddickew@toplist.cz,Female,76.65.133.182
538,Letizia,Goakes,lgoakesex@kickstarter.com,Female,183.174.188.70
539,Blithe,Flanders,bflandersey@newsvine.com,Female,63.203.116.152
540,Norrie,Daouse,ndaouseez@paypal.com,Male,105.215.75.205
541,Melinda,Menary,mmenaryf0@nba.com,Female,154.174.46.245
542,Neddie,Boarder,nboarderf1@addtoany.com,Male,95.12.41.215
543,Law,Brill,lbrillf2@archive.org,Male,160.54.161.153
544,Cassandre,Kittles,ckittlesf3@loc.gov,Female,50.235.195.184
545,Kerr,Grimsdyke,kgrimsdykef4@cyberchimps.com,Male,161.124.48.91
546,Bradley,Rego,bregof5@mlb.com,Male,103.168.19.112
547,Cristian,Welberry,cwelberryf6@sakura.ne.jp,Male,190.88.38.143
548,Maddi,Leathers,mleathersf7@redcross.org,Female,153.165.172.239
549,Robinet,Conan,rconanf8@aboutads.info,Male,251.46.87.185
550,Maighdiln,Goodlip,mgoodlipf9@desdev.cn,Female,234.171.248.202
551,Ellen,Pashbee,epashbeefa@reddit.com,Female,230.174.92.57
552,Jocelyne,Iacobo,jiacobofb@webmd.com,Female,77.37.172.122
553,Abram,Gazzard,agazzardfc@bloomberg.com,Male,136.67.29.250
554,Othilia,Quinsee,oquinseefd@xing.com,Female,89.141.97.160
555,Zechariah,Cabedo,zcabedofe@illinois.edu,Male,94.215.96.131
556,Casper,Weems,cweemsff@youtube.com,Male,201.58.214.37
557,Normand,Titlow,ntitlowfg@weebly.com,Male,235.185.147.124
558,Kerk,Rumsby,krumsbyfh@si.edu,Male,108.128.105.73
559,Lutero,Bolles,lbollesfi@craigslist.org,Male,101.129.166.211
560,Loraine,Desaur,ldesaurfj@istockphoto.com,Female,248.234.167.77
561,Glen,Roskams,groskamsfk@newsvine.com,Female,90.78.70.94
562,Talbot,Plevey,tpleveyfl@bloomberg.com,Male,231.115.31.80
563,Nestor,Farney,nfarneyfm@msu.edu,Male,148.78.136.184
564,Hernando,Stabbins,hstabbinsfn@sun.com,Male,243.23.134.65
565,Aurea,Jendrassik,ajendrassikfo@oakley.com,Female,237.184.86.87
566,Erda,Giveen,egiveenfp@ucoz.com,Female,239.254.144.14
567,Anthony,Gerritzen,agerritzenfq@admin.ch,Male,48.222.10.26
568,Tersina,Omar,tomarfr@loc.gov,Female,76.40.207.20
569,Bird,McElrea,bmcelreafs@joomla.org,Female,50.118.184.238
570,Myrilla,Jakoviljevic,mjakoviljevicft@usa.gov,Female,13.12.101.96
571,Cory,Tomes,ctomesfu@comcast.net,Female,109.120.60.155
572,Min,Roose,mroosefv@cnbc.com,Female,133.87.206.45
573,Sigismond,McLugish,smclugishfw@newyorker.com,Male,200.146.1.221
574,Ardelle,Niblock,aniblockfx@plala.or.jp,Female,126.51.183.170
575,Anne-marie,Dunnico,adunnicofy@desdev.cn,Female,237.173.152.15
576,Worden,Kestian,wkestianfz@apple.com,Male,8.119.227.212
577,Ardelia,Humpage,ahumpageg0@vimeo.com,Female,158.137.119.249
578,Oliviero,Danev,odanevg1@va.gov,Male,132.84.232.130
579,Stefanie,Pascow,spascowg2@soundcloud.com,Female,165.243.165.81
580,Rebekkah,Bambrough,rbambroughg3@independent.co.uk,Female,16.116.71.88
581,Davis,Haste,dhasteg4@reuters.com,Male,193.224.67.196
582,Sibella,Lamba,slambag5@php.net,Female,1.71.174.132
583,Margaux,Toler,mtolerg6@howstuffworks.com,Female,109.35.129.92
584,Emmerich,Swanston,eswanstong7@prlog.org,Male,57.55.161.181
585,Petr,Chagg,pchaggg8@nasa.gov,Male,235.63.57.93
586,Norrie,Thorns,nthornsg9@friendfeed.com,Male,79.175.45.173
587,Mavis,Perschke,mperschkega@economist.com,Female,75.245.188.39
588,Dante,Delacroix,ddelacroixgb@msn.com,Male,241.49.50.186
589,Quill,Vanelli,qvanelligc@usatoday.com,Male,136.19.239.204
590,Gilbertina,Fairbard,gfairbardgd@dmoz.org,Female,31.45.145.194
591,Desirae,Edelston,dedelstonge@github.io,Female,52.227.186.117
592,Araldo,Paternoster,apaternostergf@rakuten.co.jp,Male,169.95.120.25
593,Hali,Woodnutt,hwoodnuttgg@state.tx.us,Female,74.20.218.142
594,Estel,Blackborough,eblackboroughgh@state.tx.us,Female,60.120.123.109
595,Anastassia,Taylor,ataylorgi@dailymotion.com,Female,82.59.173.20
596,Dillon,Pere,dperegj@foxnews.com,Male,149.199.73.93
597,Natty,Willison,nwillisongk@time.com,Female,133.28.181.212
598,Morgan,Hannen,mhannengl@forbes.com,Male,200.40.187.84
599,Penrod,Waddams,pwaddamsgm@unblog.fr,Male,54.203.88.189
600,Kenton,Farington,kfaringtongn@nhs.uk,Male,97.133.254.206
601,Brit,Layfield,blayfieldgo@engadget.com,Male,127.209.53.157
602,Marwin,Tenny,mtennygp@hao123.com,Male,156.138.42.43
603,Reggis,Habbal,rhabbalgq@home.pl,Male,188.87.17.166
604,Karla,Casemore,kcasemoregr@hc360.com,Female,97.251.117.178
605,Marietta,Poker,mpokergs@ucoz.com,Female,73.40.54.7
606,Denna,Swainger,dswaingergt@comcast.net,Female,248.101.156.38
607,Archibold,Chatto,achattogu@economist.com,Male,240.8.213.30
608,Yehudi,Vales,yvalesgv@studiopress.com,Male,51.40.189.128
609,Malchy,Harder,mhardergw@storify.com,Male,29.211.44.94
610,Frazier,Siuda,fsiudagx@oakley.com,Male,249.102.181.93
611,Theobald,Sissons,tsissonsgy@github.com,Male,27.146.51.107
612,Elinor,Syrad,esyradgz@desdev.cn,Female,169.170.48.113
613,Luciano,Bagot,lbagoth0@hatena.ne.jp,Male,195.68.184.11
614,Ericka,Dicks,edicksh1@cisco.com,Female,222.170.49.115
615,Doe,Lethieulier,dlethieulierh2@twitpic.com,Female,116.209.127.241
616,Fonz,Gair,fgairh3@indiegogo.com,Male,226.241.218.28
617,Evangelina,Turfin,eturfinh4@jugem.jp,Female,155.203.54.146
618,Julio,Gutowska,jgutowskah5@dedecms.com,Male,176.76.29.61
619,Son,Roberson,srobersonh6@un.org,Male,11.0.183.220
620,Freddie,Kighly,fkighlyh7@mozilla.org,Male,168.10.129.96
621,Thor,Devigne,tdevigneh8@nationalgeographic.com,Male,108.232.60.155
622,Brice,Cotty,bcottyh9@fastcompany.com,Male,84.66.238.227
623,Hewe,Ellerman,hellermanha@friendfeed.com,Male,126.53.232.235
624,Ethelda,Wands,ewandshb@exblog.jp,Female,81.174.69.129
625,Evan,Attwood,eattwoodhc@diigo.com,Male,89.116.235.239
626,Ettie,Jopling,ejoplinghd@tumblr.com,Female,239.51.211.72
627,Yolane,Triggel,ytriggelhe@bloomberg.com,Female,83.132.125.203
628,Giacomo,Oppery,gopperyhf@comcast.net,Male,127.184.209.227
629,Bill,Sanham,bsanhamhg@alexa.com,Male,47.59.44.5
630,Alena,Fogg,afogghh@dion.ne.jp,Female,14.101.224.149
631,Jabez,Van Halle,jvanhallehi@thetimes.co.uk,Male,180.216.160.241
632,Ky,Eyton,keytonhj@apache.org,Male,150.168.229.223
633,Hamish,Spinige,hspinigehk@mlb.com,Male,44.42.91.175
634,Roldan,Pownall,rpownallhl@fda.gov,Male,241.145.241.194
635,Garvin,McKague,gmckaguehm@usgs.gov,Male,165.44.223.200
636,Che,Pleager,cpleagerhn@oaic.gov.au,Male,177.138.27.50
637,Lonnie,Roose,lrooseho@epa.gov,Female,33.167.64.237
638,Stavros,Gunderson,sgundersonhp@sakura.ne.jp,Male,228.222.96.112
639,Malissa,Perillio,mperilliohq@businessinsider.com,Female,171.93.148.241
640,Alphard,Byrom,abyromhr@vkontakte.ru,Male,41.227.126.162
641,Antonietta,Percy,apercyhs@jimdo.com,Female,191.210.255.14
642,Eugene,Schellig,eschellight@mac.com,Male,47.217.82.36
643,Paddy,Longo,plongohu@quantcast.com,Male,167.64.104.119
644,Torey,Pickton,tpicktonhv@taobao.com,Male,60.11.165.42
645,Zedekiah,Deignan,zdeignanhw@yolasite.com,Male,35.254.228.5
646,Gibbie,Pilpovic,gpilpovichx@ihg.com,Male,73.94.135.77
647,Jill,De Gowe,jdegowehy@who.int,Female,158.96.25.230
648,Mitzi,Berkley,mberkleyhz@nationalgeographic.com,Female,38.208.107.175
649,Hayden,Pulfer,hpulferi0@artisteer.com,Male,199.27.72.52
650,Buddy,Lawford,blawfordi1@bing.com,Male,245.223.52.199
651,Quentin,Speke,qspekei2@businessweek.com,Female,235.74.224.129
652,Humfrey,Galletly,hgalletlyi3@creativecommons.org,Male,253.141.18.50
653,Benoit,Najera,bnajerai4@phoca.cz,Male,185.115.229.23
654,Orelle,Elliss,oellissi5@aol.com,Female,221.156.208.76
655,Corrina,Vidgeon,cvidgeoni6@jalbum.net,Female,231.125.18.114
656,Anabel,Wix,awixi7@ustream.tv,Female,125.82.114.32
657,Dwayne,Cumberpatch,dcumberpatchi8@symantec.com,Male,133.105.129.66
658,Desmond,Fingleton,dfingletoni9@bigcartel.com,Male,128.230.65.97
659,Evelin,De Cristofalo,edecristofaloia@yellowpages.com,Male,152.148.98.135
660,Luciano,McNamara,lmcnamaraib@zimbio.com,Male,207.17.147.79
661,Lewie,Falshaw,lfalshawic@merriam-webster.com,Male,142.95.72.84
662,Harman,Sopp,hsoppid@163.com,Male,73.150.72.11
663,Christoper,Halligan,challiganie@forbes.com,Male,32.174.246.221
664,Hanson,Casale,hcasaleif@infoseek.co.jp,Male,25.181.118.172
665,Lannie,Dearnaly,ldearnalyig@yahoo.co.jp,Male,86.218.151.70
666,Halimeda,Tripony,htriponyih@symantec.com,Female,60.210.40.117
667,Farra,MacCard,fmaccardii@nymag.com,Female,240.196.60.155
668,Rey,McNicol,rmcnicolij@craigslist.org,Male,38.253.32.249
669,Nelly,Wynett,nwynettik@mediafire.com,Female,43.7.181.202
670,Sophie,Bradshaw,sbradshawil@usnews.com,Female,86.23.54.164
671,Tremaine,Flecknoe,tflecknoeim@nsw.gov.au,Male,6.182.208.163
672,Adele,Gitting,agittingin@vimeo.com,Female,209.214.43.183
673,Dorotea,Alliberton,dallibertonio@europa.eu,Female,133.123.69.78
674,Duffy,Lazonby,dlazonbyip@go.com,Male,157.58.136.210
675,Brad,Swenson,bswensoniq@arizona.edu,Male,226.187.218.213
676,Brian,Melton,bmeltonir@fema.gov,Male,27.240.197.224
677,Rog,Reveley,rreveleyis@theguardian.com,Male,161.73.46.73
678,Juieta,O'Crowley,jocrowleyit@china.com.cn,Female,62.14.24.22
679,Arman,Micallef,amicallefiu@yellowpages.com,Male,113.9.153.169
680,Nikos,Garfath,ngarfathiv@hexun.com,Male,47.131.196.14
681,Rhetta,Pawson,rpawsoniw@va.gov,Female,96.162.197.169
682,Dyana,Garr,dgarrix@printfriendly.com,Female,135.27.40.67
683,Leanna,Bollis,lbollisiy@apple.com,Female,212.238.179.163
684,Andrea,Briztman,abriztmaniz@europa.eu,Female,173.45.98.54
685,Carlye,Cherrie,ccherriej0@hubpages.com,Female,19.106.73.2
686,Bamby,Pryce,bprycej1@usgs.gov,Female,142.73.30.192
687,Eartha,Passey,epasseyj2@indiatimes.com,Female,162.137.192.64
688,Reuben,Brogioni,rbrogionij3@cnbc.com,Male,207.31.152.128
689,Judith,Harkin,jharkinj4@parallels.com,Female,69.208.232.160
690,Fidelio,Wenham,fwenhamj5@amazon.com,Male,106.2.71.238
691,Alanna,Scannell,ascannellj6@dropbox.com,Female,203.218.122.115
692,Hirsch,Brusby,hbrusbyj7@gmpg.org,Male,176.0.87.198
693,Izabel,O'Shields,ioshieldsj8@nasa.gov,Female,32.253.205.246
694,Welsh,Edmott,wedmottj9@amazon.co.jp,Male,196.231.171.133
695,Marven,Temperley,mtemperleyja@pagesperso-orange.fr,Male,214.114.194.188
696,Pearle,Merrien,pmerrienjb@un.org,Female,25.77.158.172
697,Ogden,Peschmann,opeschmannjc@gov.uk,Male,66.83.224.89
698,Mattie,Coning,mconingjd@archive.org,Male,69.250.12.109
699,Ada,Nucator,anucatorje@clickbank.net,Female,45.55.173.38
700,Lesley,Rabley,lrableyjf@sitemeter.com,Male,92.137.244.209
701,Cully,Dodd,cdoddjg@independent.co.uk,Male,95.236.109.110
702,Chevy,Benninck,cbenninckjh@jugem.jp,Male,40.70.107.56
703,Barclay,Eaglestone,beaglestoneji@wiley.com,Male,106.15.118.65
704,Gayle,Townson,gtownsonjj@hp.com,Female,120.25.214.111
705,Allsun,Bateson,abatesonjk@amazonaws.com,Female,137.87.143.67
706,Cordy,Sondon,csondonjl@dailymotion.com,Male,233.28.103.83
707,Lida,Reubbens,lreubbensjm@chronoengine.com,Female,28.194.172.66
708,Corenda,Hodcroft,chodcroftjn@gizmodo.com,Female,67.120.119.67
709,Niles,Larcombe,nlarcombejo@miitbeian.gov.cn,Male,128.142.240.71
710,Fergus,Darinton,fdarintonjp@bloglovin.com,Male,227.15.218.202
711,Osbert,Gartland,ogartlandjq@blogspot.com,Male,193.84.72.205
712,Thayne,Dagleas,tdagleasjr@mlb.com,Male,223.67.217.26
713,Lucius,Janew,ljanewjs@google.ru,Male,249.207.67.213
714,Tonya,Crowdy,tcrowdyjt@geocities.com,Female,150.2.116.164
715,Violetta,Biaggetti,vbiaggettiju@squidoo.com,Female,53.115.134.39
716,Eleen,Burburough,eburburoughjv@istockphoto.com,Female,249.251.199.27
717,Olenolin,Seyler,oseylerjw@jugem.jp,Male,161.3.90.198
718,Coralyn,Parncutt,cparncuttjx@redcross.org,Female,124.60.27.17
719,Murdoch,Folshom,mfolshomjy@va.gov,Male,164.182.57.229
720,Edna,Brankley,ebrankleyjz@4shared.com,Female,188.248.191.54
721,Wilt,Croster,wcrosterk0@newsvine.com,Male,226.139.152.98
722,Tine,Crier,tcrierk1@unesco.org,Female,23.50.189.234
723,Klement,McInnes,kmcinnesk2@yahoo.com,Male,36.209.243.93
724,Doug,McReath,dmcreathk3@ted.com,Male,187.22.45.222
725,Craig,Wavish,cwavishk4@gmpg.org,Male,22.103.88.67
726,Della,Grigoletti,dgrigolettik5@accuweather.com,Female,105.123.249.91
727,Bevon,Sannes,bsannesk6@ed.gov,Male,180.139.75.89
728,Lark,Mitchard,lmitchardk7@naver.com,Female,71.87.133.113
729,Demetris,Meakin,dmeakink8@mtv.com,Male,211.214.204.87
730,Janeen,Fenkel,jfenkelk9@mediafire.com,Female,95.181.152.38
731,Cozmo,Badwick,cbadwickka@usgs.gov,Male,36.78.234.200
732,Harlin,Gennings,hgenningskb@linkedin.com,Male,200.245.207.204
733,Lorry,Spindler,lspindlerkc@mozilla.org,Female,9.32.9.233
734,Dorelle,Bergin,dberginkd@cpanel.net,Female,92.243.27.244
735,Wheeler,Ilyinski,wilyinskike@harvard.edu,Male,9.172.186.173
736,Poppy,Sanja,psanjakf@shareasale.com,Female,158.204.132.21
737,Afton,Symcock,asymcockkg@bizjournals.com,Female,13.116.68.67
738,Abigail,Lorentzen,alorentzenkh@slashdot.org,Female,252.84.228.127
739,Elane,Ellesmere,eellesmereki@cisco.com,Female,240.33.227.255
740,Krishna,Marsland,kmarslandkj@prlog.org,Male,153.236.108.219
741,Conan,Chesman,cchesmankk@themeforest.net,Male,29.20.16.115
742,Tawsha,Caslake,tcaslakekl@creativecommons.org,Female,109.136.9.254
743,Anya,Johansson,ajohanssonkm@upenn.edu,Female,129.233.196.139
744,Janith,Bridgwater,jbridgwaterkn@ycombinator.com,Female,104.189.243.84
745,Branden,Andrzejak,bandrzejakko@creativecommons.org,Male,214.220.23.242
746,Verne,Southcott,vsouthcottkp@gravatar.com,Male,50.210.42.33
747,Cele,LAbbet,clabbetkq@boston.com,Female,38.139.237.120
748,Gina,Pickering,gpickeringkr@acquirethisname.com,Female,26.113.118.51
749,Giavani,Tuson,gtusonks@usda.gov,Male,50.55.183.62
750,Fredelia,Milier,fmilierkt@lulu.com,Female,5.188.20.203
751,Prinz,Haggleton,phaggletonku@huffingtonpost.com,Male,219.119.21.124
752,Trisha,Raimbauld,traimbauldkv@abc.net.au,Female,59.64.186.255
753,Rachelle,Gillbard,rgillbardkw@redcross.org,Female,39.71.243.128
754,Danila,Barratt,dbarrattkx@printfriendly.com,Female,64.61.22.0
755,Udell,Hamp,uhampky@baidu.com,Male,99.113.200.203
756,Annecorinne,Stollard,astollardkz@dell.com,Female,105.155.255.86
757,Laughton,Olford,lolfordl0@reference.com,Male,252.125.110.201
758,Alair,McCook,amccookl1@usa.gov,Male,6.92.208.174
759,Marcel,Lefever,mlefeverl2@freewebs.com,Male,170.116.18.242
760,Alexandre,Aizkovitch,aaizkovitchl3@miitbeian.gov.cn,Male,83.62.151.134
761,Javier,Vernham,jvernhaml4@paypal.com,Male,218.62.155.22
762,Shandeigh,Leaton,sleatonl5@hibu.com,Female,102.87.53.245
763,Maud,Bidewel,mbidewell6@etsy.com,Female,197.248.181.142
764,Vasily,Dorrance,vdorrancel7@github.io,Male,61.175.198.140
765,Fayre,Roden,frodenl8@linkedin.com,Female,127.141.60.56
766,Herbie,Linggood,hlinggoodl9@i2i.jp,Male,119.183.89.111
767,Ofella,McGuiness,omcguinessla@slate.com,Female,5.156.16.190
768,Alisha,McKerlie,amckerlielb@google.co.jp,Female,89.217.233.74
769,Denney,Shurlock,dshurlocklc@timesonline.co.uk,Male,4.78.212.39
770,Mason,Peoples,mpeoplesld@gov.uk,Male,11.235.122.29
771,Fifine,Jakov,fjakovle@jugem.jp,Female,35.233.160.1
772,David,Woodland,dwoodlandlf@virginia.edu,Male,176.58.129.33
773,Ronni,Duding,rdudinglg@weather.com,Female,202.224.201.171
774,Ray,Saylor,rsaylorlh@hugedomains.com,Male,152.167.59.214
775,Fairleigh,Lethlay,flethlayli@constantcontact.com,Male,224.202.30.116
776,Lion,Hay,lhaylj@constantcontact.com,Male,147.105.238.0
777,Gavin,Breed,gbreedlk@woothemes.com,Male,118.200.91.215
778,Addi,Folks,afolksll@ox.ac.uk,Female,72.45.57.135
779,Agnese,McMichan,amcmichanlm@mediafire.com,Female,146.112.81.64
780,Hillery,Ewestace,hewestaceln@hhs.gov,Male,172.214.150.104
781,Cristiano,Flamank,cflamanklo@vimeo.com,Male,243.228.192.81
782,Rodi,Fylan,rfylanlp@telegraph.co.uk,Female,185.104.43.48
783,Mateo,Agates,magateslq@msn.com,Male,40.253.180.14
784,Pepe,Brewin,pbrewinlr@networkadvertising.org,Male,251.124.127.0
785,Darnell,Wakenshaw,dwakenshawls@cnbc.com,Male,162.142.227.135
786,Erastus,Tremmil,etremmillt@theatlantic.com,Male,71.145.149.20
787,Jelene,Pucknell,jpucknelllu@omniture.com,Female,119.82.61.113
788,Rafaello,Eykelhof,reykelhoflv@reddit.com,Male,33.215.72.155
789,Dagmar,Beddis,dbeddislw@usnews.com,Female,79.236.118.227
790,Kincaid,Shires,kshireslx@washington.edu,Male,241.198.132.231
791,Trescha,Moseley,tmoseleyly@europa.eu,Female,241.199.85.128
792,Murray,Kornacki,mkornackilz@amazon.co.jp,Male,88.149.216.221
793,Derwin,Ingleston,dinglestonm0@disqus.com,Male,225.175.50.241
794,Novelia,Wenman,nwenmanm1@issuu.com,Female,233.85.58.130
795,Gearalt,Sinney,gsinneym2@sciencedirect.com,Male,147.122.200.50
796,Judah,Bergstram,jbergstramm3@tripadvisor.com,Male,146.185.114.158
797,Perle,Sherrett,psherrettm4@umn.edu,Female,74.254.93.100
798,Worthington,Wyson,wwysonm5@marriott.com,Male,87.217.34.151
799,Godart,Clash,gclashm6@ox.ac.uk,Male,230.196.0.38
800,Foster,Neeves,fneevesm7@biblegateway.com,Male,108.130.126.136
801,Earvin,Gynne,egynnem8@shop-pro.jp,Male,153.14.102.75
802,Darcie,Sandlin,dsandlinm9@omniture.com,Female,229.86.149.146
803,Danella,Traise,dtraisema@meetup.com,Female,27.203.152.28
804,Demetria,Galilee,dgalileemb@hugedomains.com,Female,76.131.148.198
805,Mag,Fitzsimmons,mfitzsimmonsmc@posterous.com,Female,105.86.180.95
806,Gunther,Orrin,gorrinmd@salon.com,Male,191.251.132.153
807,Tonye,Bloxholm,tbloxholmme@foxnews.com,Female,62.64.146.172
808,Cyndy,Breede,cbreedemf@yandex.ru,Female,39.110.55.144
809,Thalia,Farge,tfargemg@slashdot.org,Female,242.93.115.123
810,Cary,Le Grys,clegrysmh@ocn.ne.jp,Male,35.238.29.250
811,Wilek,Terbeek,wterbeekmi@hc360.com,Male,113.234.137.38
812,Kevina,Guerrier,kguerriermj@1und1.de,Female,226.35.158.126
813,Sephira,Kirsche,skirschemk@over-blog.com,Female,108.156.181.204
814,Reagen,Yashin,ryashinml@bluehost.com,Male,142.181.204.52
815,Roley,Ranaghan,rranaghanmm@businessinsider.com,Male,49.197.194.127
816,Kevin,Bousler,kbouslermn@nih.gov,Male,160.83.92.54
817,Dimitri,Paulich,dpaulichmo@npr.org,Male,243.244.30.212
818,Ava,Ceaser,aceasermp@uol.com.br,Female,69.242.18.97
819,Ray,Risborough,rrisboroughmq@earthlink.net,Female,8.114.218.49
820,Karol,Camacke,kcamackemr@mac.com,Female,127.157.32.200
821,Andee,Breitling,abreitlingms@163.com,Female,14.130.86.254
822,Anthe,Maxworthy,amaxworthymt@admin.ch,Female,222.254.86.119
823,Francois,Kubec,fkubecmu@mozilla.com,Male,103.90.4.28
824,Rozella,Beneze,rbenezemv@360.cn,Female,148.107.52.218
825,Griffin,Nellen,gnellenmw@miitbeian.gov.cn,Male,93.30.189.241
826,Mendie,Derrick,mderrickmx@mlb.com,Male,95.73.255.22
827,Marcellina,Bodiam,mbodiammy@delicious.com,Female,251.92.203.235
828,Francene,Tombleson,ftomblesonmz@ocn.ne.jp,Female,35.26.102.148
829,Bevon,Thackeray,bthackerayn0@chron.com,Male,227.35.45.69
830,Vasily,Lowfill,vlowfilln1@cdbaby.com,Male,58.29.248.33
831,Gwendolin,de Marco,gdemarcon2@imageshack.us,Female,249.151.146.58
832,Linzy,Jeannon,ljeannonn3@goo.ne.jp,Female,222.225.33.161
833,Gianina,Golightly,ggolightlyn4@foxnews.com,Female,168.77.24.166
834,Leticia,Van der Velde,lvandervelden5@godaddy.com,Female,141.16.179.110
835,Thor,Slopier,tslopiern6@list-manage.com,Male,17.248.204.67
836,Olivier,Kleinzweig,okleinzweign7@ft.com,Male,41.219.161.91
837,Ramon,Renouf,rrenoufn8@networkadvertising.org,Male,250.164.40.80
838,Willie,Eldrid,weldridn9@indiegogo.com,Male,234.181.206.12
839,Daria,Arrow,darrowna@gravatar.com,Female,155.17.95.74
840,Allan,Gittis,agittisnb@usnews.com,Male,230.209.93.134
841,Viviana,Hawford,vhawfordnc@google.co.uk,Female,5.109.167.36
842,Fabien,Whaley,fwhaleynd@ted.com,Male,220.148.138.154
843,Pieter,Sorrie,psorriene@pinterest.com,Male,92.225.114.246
844,Trevor,Palmby,tpalmbynf@webeden.co.uk,Male,131.125.39.103
845,Tobi,Dabel,tdabelng@weibo.com,Female,218.2.175.1
846,Lyman,McArley,lmcarleynh@yellowpages.com,Male,117.239.172.249
847,Hynda,Probate,hprobateni@umn.edu,Female,123.168.118.151
848,Micky,Sirl,msirlnj@shop-pro.jp,Female,198.126.107.25
849,Agnola,Becerro,abecerronk@nytimes.com,Female,206.37.16.58
850,Clevey,Crutch,ccrutchnl@wiley.com,Male,39.243.187.34
851,Ciro,Denington,cdeningtonnm@scientificamerican.com,Male,178.160.233.209
852,Donni,Rushbury,drushburynn@adobe.com,Female,81.95.179.246
853,Andrej,Killingbeck,akillingbeckno@auda.org.au,Male,79.242.101.173
854,Gertruda,Purdy,gpurdynp@smh.com.au,Female,193.10.73.189
855,Reuven,Andreaccio,randreaccionq@nationalgeographic.com,Male,150.232.20.153
856,Khalil,Venturoli,kventurolinr@mozilla.com,Male,97.246.219.237
857,Dania,Plevin,dplevinns@gnu.org,Female,107.171.80.213
858,Rab,Gwilt,rgwiltnt@bravesites.com,Male,77.215.123.40
859,Riobard,Kearn,rkearnnu@studiopress.com,Male,234.20.151.241
860,Chantalle,Goodinge,cgoodingenv@prlog.org,Female,160.178.140.173
861,Ethelyn,Hasel,ehaselnw@addthis.com,Female,97.152.195.136
862,Kippy,Suermeiers,ksuermeiersnx@icio.us,Male,67.221.240.196
863,Sutherlan,Geere,sgeereny@jiathis.com,Male,44.103.198.138
864,Udell,Clohessy,uclohessynz@artisteer.com,Male,40.231.80.63
865,Kahaleel,Dalzell,kdalzello0@bigcartel.com,Male,239.143.152.117
866,Greggory,Wisniowski,gwisniowskio1@comsenz.com,Male,1.175.110.52
867,Adam,Spiaggia,aspiaggiao2@360.cn,Male,152.178.177.31
868,Lazaro,Picker,lpickero3@ox.ac.uk,Male,29.132.203.252
869,Clementina,Jizhaki,cjizhakio4@slashdot.org,Female,62.90.207.252
870,Carlyn,Cottesford,ccottesfordo5@quantcast.com,Female,116.162.197.150
871,Tresa,Powder,tpowdero6@ed.gov,Female,127.100.193.51
872,Chryste,Stretton,cstrettono7@nasa.gov,Female,133.47.62.0
873,Glynis,Kerford,gkerfordo8@dmoz.org,Female,148.73.148.121
874,Eliot,Houldin,ehouldino9@walmart.com,Male,250.247.61.112
875,Tani,Robrow,trobrowoa@tiny.cc,Female,7.249.219.152
876,Alexis,Fillery,afilleryob@wix.com,Male,162.124.156.87
877,Dolph,Broom,dbroomoc@geocities.com,Male,45.79.69.29
878,Francene,Mountlow,fmountlowod@fastcompany.com,Female,58.130.121.123
879,Jackson,Eddis,jeddisoe@histats.com,Male,244.219.226.181
880,Shelli,Fores,sforesof@aboutads.info,Female,130.27.23.142
881,La verne,Standall,lstandallog@linkedin.com,Female,90.112.157.19
882,Fran,Bayly,fbaylyoh@friendfeed.com,Male,2.40.45.15
883,Lethia,Habard,lhabardoi@un.org,Female,251.192.202.99
884,Paten,Rayer,prayeroj@cnbc.com,Male,20.137.71.5
885,Harold,Wallege,hwallegeok@i2i.jp,Male,158.93.62.9
886,Patrice,Caught,pcaughtol@1688.com,Male,151.3.164.151
887,Lev,Puckinghorne,lpuckinghorneom@senate.gov,Male,254.246.106.3
888,Orin,Kiffin,okiffinon@goo.ne.jp,Male,188.128.99.162
889,Denny,de Vaen,ddevaenoo@usda.gov,Male,58.213.240.29
890,Mechelle,Milberry,mmilberryop@samsung.com,Female,216.187.1.21
891,Allianora,Arington,aaringtonoq@ustream.tv,Female,60.115.237.198
892,Lavina,Hopkynson,lhopkynsonor@i2i.jp,Female,46.122.200.127
893,Janina,Lockyear,jlockyearos@npr.org,Female,181.33.254.253
894,Arvy,Mellor,amellorot@house.gov,Male,138.71.151.109
895,Angelika,Storey,astoreyou@state.gov,Female,81.194.117.201
896,Andrei,Cridlin,acridlinov@wix.com,Female,206.42.10.173
897,Tucker,Carp,tcarpow@google.fr,Male,36.162.69.182
898,Warde,Sergison,wsergisonox@arizona.edu,Male,38.88.35.25
899,Arlana,Denver,adenveroy@quantcast.com,Female,175.232.63.199
900,Odille,Bradford,obradfordoz@is.gd,Female,3.131.225.168
901,Joby,Stapylton,jstapyltonp0@smugmug.com,Female,17.36.236.179
902,Meggie,Brastead,mbrasteadp1@fastcompany.com,Female,223.66.123.188
903,Giraldo,Grishanin,ggrishaninp2@ca.gov,Male,43.66.248.130
904,Eleonore,Weatherdon,eweatherdonp3@i2i.jp,Female,27.91.232.179
905,Andrea,McTrustey,amctrusteyp4@businessweek.com,Male,250.174.77.142
906,Jewel,Cranny,jcrannyp5@myspace.com,Female,235.134.216.183
907,Che,Torrejon,ctorrejonp6@hud.gov,Male,102.81.11.65
908,Patrick,Cavet,pcavetp7@php.net,Male,12.172.117.82
909,Siusan,Solley,ssolleyp8@usda.gov,Female,112.118.32.208
910,Raymund,Joslow,rjoslowp9@networksolutions.com,Male,65.208.62.119
911,Bernetta,Rosenau,brosenaupa@mapquest.com,Female,205.4.170.8
912,Conan,Burde,cburdepb@examiner.com,Male,64.189.95.73
913,Lynnette,Peachey,lpeacheypc@behance.net,Female,145.168.211.106
914,Alena,Torri,atorripd@networkadvertising.org,Female,213.18.15.196
915,Lindie,Owttrim,lowttrimpe@weather.com,Female,166.202.215.104
916,Rockey,Krinks,rkrinkspf@hexun.com,Male,71.95.243.145
917,Ralph,Maskall,rmaskallpg@huffingtonpost.com,Male,135.139.165.21
918,Rex,Boxhill,rboxhillph@instagram.com,Male,124.209.193.77
919,Marten,Boyton,mboytonpi@mediafire.com,Male,49.16.81.79
920,Konstance,Huffey,khuffeypj@pcworld.com,Female,198.247.252.174
921,Agnese,Frisby,afrisbypk@reddit.com,Female,238.197.236.145
922,Federica,Ades,fadespl@nps.gov,Female,145.60.128.112
923,Harp,Clemens,hclemenspm@gov.uk,Male,244.254.42.114
924,Mariette,Chasmor,mchasmorpn@paginegialle.it,Female,61.6.139.243
925,Patrice,Winman,pwinmanpo@facebook.com,Female,153.187.234.118
926,Lynsey,Burnel,lburnelpp@jalbum.net,Female,111.177.129.138
927,Frasier,Hessing,fhessingpq@reference.com,Male,230.72.58.192
928,Alister,Greenhowe,agreenhowepr@jalbum.net,Male,246.253.36.4
929,Nolana,Irnys,nirnysps@eepurl.com,Female,133.137.228.122
930,Yalonda,Costell,ycostellpt@amazon.co.uk,Female,195.204.249.110
931,Nevile,Baume,nbaumepu@xrea.com,Male,218.8.23.217
932,Man,Olenikov,molenikovpv@go.com,Male,40.4.245.93
933,Page,Christofor,pchristoforpw@google.pl,Female,244.73.38.128
934,Fidole,Malmar,fmalmarpx@cyberchimps.com,Male,163.145.24.39
935,Kara-lynn,Dredge,kdredgepy@instagram.com,Female,40.72.151.33
936,Gertie,Duckett,gduckettpz@webeden.co.uk,Female,103.204.250.218
937,Jillane,Pattemore,jpattemoreq0@alibaba.com,Female,99.126.179.2
938,Sherwin,Stockdale,sstockdaleq1@ask.com,Male,186.214.253.215
939,Benoite,Parsisson,bparsissonq2@discuz.net,Female,21.103.55.61
940,Joseph,Coysh,jcoyshq3@sina.com.cn,Male,127.193.232.101
941,Lilyan,Rubinchik,lrubinchikq4@economist.com,Female,230.27.190.55
942,Dilly,Balkwill,dbalkwillq5@bravesites.com,Male,113.158.52.188
943,Sela,Trundler,strundlerq6@discovery.com,Female,191.185.134.221
944,Tildi,Evennett,tevennettq7@icq.com,Female,111.209.27.8
945,Benjie,Nare,bnareq8@xrea.com,Male,1.84.171.34
946,Selma,Mepsted,smepstedq9@tinyurl.com,Female,32.175.2.241
947,Dre,Jeandon,djeandonqa@privacy.gov.au,Female,29.247.52.189
948,Avril,Bruntjen,abruntjenqb@issuu.com,Female,136.243.26.243
949,Amelie,Cromly,acromlyqc@domainmarket.com,Female,5.223.152.164
950,Grove,Klesl,gkleslqd@exblog.jp,Male,47.182.84.166
951,Etty,Fidelli,efidelliqe@hud.gov,Female,131.115.23.202
952,Lissie,Renfree,lrenfreeqf@springer.com,Female,201.7.255.251
953,Bryant,Storey,bstoreyqg@gov.uk,Male,234.17.176.161
954,Tedd,Grosvenor,tgrosvenorqh@yahoo.co.jp,Male,19.216.30.109
955,Devin,Oldridge,doldridgeqi@yahoo.com,Male,149.56.104.52
956,Willey,Lowater,wlowaterqj@google.fr,Male,158.39.130.20
957,Bonnibelle,Rebert,brebertqk@multiply.com,Female,4.46.252.189
958,Shay,Tunuy,stunuyql@irs.gov,Female,14.35.144.109
959,Henka,Mackriell,hmackriellqm@discuz.net,Female,5.215.151.7
960,Flore,Davidou,fdavidouqn@virginia.edu,Female,210.192.189.0
961,Lucienne,Portal,lportalqo@yandex.ru,Female,242.178.144.158
962,Polly,Justice,pjusticeqp@symantec.com,Female,57.185.116.203
963,Velma,Commins,vcomminsqq@go.com,Female,176.93.194.238
964,Cordi,Onele,coneleqr@t-online.de,Female,149.250.86.113
965,Gustavus,Duding,gdudingqs@nytimes.com,Male,207.59.156.227
966,Carolynn,Alessandrelli,calessandrelliqt@is.gd,Female,217.8.55.238
967,Stafford,Marquis,smarquisqu@jalbum.net,Male,151.178.251.177
968,Breanne,Delnevo,bdelnevoqv@dailymail.co.uk,Female,124.203.121.176
969,Carin,Tomkin,ctomkinqw@wsj.com,Female,6.175.18.81
970,Danny,Spinello,dspinelloqx@1und1.de,Male,97.124.180.15
971,Harald,Dymond,hdymondqy@ameblo.jp,Male,73.209.245.47
972,Yoshiko,Pietrzyk,ypietrzykqz@usa.gov,Female,45.150.132.103
973,Tanny,Linch,tlinchr0@alexa.com,Male,228.140.60.212
974,Moyna,MacGovern,mmacgovernr1@linkedin.com,Female,147.130.114.97
975,Arlan,Tresise,atresiser2@ebay.com,Male,241.134.10.188
976,Anthe,Files,afilesr3@google.es,Female,79.34.33.157
977,Patin,Chiplen,pchiplenr4@disqus.com,Male,68.117.58.229
978,Hugo,Fagence,hfagencer5@bloglines.com,Male,96.24.72.254
979,Madeline,Yitzhakof,myitzhakofr6@behance.net,Female,71.69.63.197
980,Bevon,Peaden,bpeadenr7@1688.com,Male,54.182.42.237
981,Nanete,Uttley,nuttleyr8@walmart.com,Female,50.83.43.142
982,Alane,Ligerton,aligertonr9@gravatar.com,Female,253.22.211.233
983,Patty,Loadsman,ploadsmanra@hatena.ne.jp,Female,167.73.48.62
984,Friedrick,Snozzwell,fsnozzwellrb@businesswire.com,Male,135.190.163.38
985,Niccolo,Stoker,nstokerrc@webnode.com,Male,42.213.237.101
986,Batholomew,Haliday,bhalidayrd@barnesandnoble.com,Male,28.194.32.77
987,Constantine,De Angelo,cdeangelore@slate.com,Female,159.51.193.82
988,Tommy,Bockmann,tbockmannrf@unblog.fr,Female,174.42.41.47
989,Bartholomeus,Aubry,baubryrg@nationalgeographic.com,Male,1.226.7.193
990,Tally,Packman,tpackmanrh@blinklist.com,Female,15.212.24.84
991,Far,Hailwood,fhailwoodri@indiegogo.com,Male,253.120.92.19
992,Ricoriki,Langdridge,rlangdridgerj@apple.com,Male,93.177.100.157
993,Christine,Bevens,cbevensrk@amazon.com,Female,190.200.222.227
994,Mahmoud,Rounsivall,mrounsivallrl@dagondesign.com,Male,132.2.145.14
995,Pernell,Grastye,pgrastyerm@storify.com,Male,55.109.145.198
996,Malynda,O'Shirine,moshirinern@blogspot.com,Female,196.6.58.10
997,Emera,Gude,egudero@mtv.com,Female,44.154.116.117
998,Ingemar,Ivannikov,iivannikovrp@wp.com,Male,56.138.39.239
999,Catherine,Chantree,cchantreerq@washington.edu,Female,226.25.72.77
1000,Saxe,Gatrill,sgatrillrr@php.net,Male,215.85.64.74
