id,first_name,last_name,email,gender,ip_address
1,Allyn,Spire,aspire0@cnet.com,Female,149.177.63.197
2,Chadwick,Beed,cbeed1@amazon.de,Male,227.5.223.225
3,Ruthann,Tiffin,rtiffin2@reference.com,Female,52.55.116.77
4,Jasen,Angeli,jangeli3@soup.io,Male,4.216.181.219
5,Rube,Emmerson,remmerson4@census.gov,Male,143.200.210.26
6,Cornall,Selbach,cselbach5@dropbox.com,Male,120.48.16.207
7,Isidro,Shutte,ishutte6@howstuffworks.com,Male,253.189.107.25
8,Cathee,Hickinbottom,chickinbottom7@mashable.com,Female,238.47.253.100
9,Gwenni,Lisle,glisle8@clickbank.net,Female,217.165.110.12
10,Lia,Hagard,lhagard9@pbs.org,Female,184.120.4.116
11,Joel,Evenden,jevendena@imageshack.us,Male,17.34.209.179
12,Margaret,Glanders,mglandersb@mtv.com,Female,223.106.215.187
13,Ginnifer,Ivkovic,givkovicc@utexas.edu,Female,227.12.123.89
14,Tony,Raveau,traveaud@wordpress.org,Male,84.104.118.140
15,Gerianna,McCaskill,gmccaskille@e-recht24.de,Female,17.227.251.79
16,Gene,Joinsey,gjoinseyf@mashable.com,Female,19.154.24.44
17,Carlye,Fonzo,cfonzog@wiley.com,Female,168.76.210.206
18,Demott,Gorhardt,dgorhardth@squidoo.com,Male,236.108.203.8
19,Alena,Medforth,amedforthi@bloglovin.com,Female,54.193.85.20
20,Cyrill,Quick,cquickj@nhs.uk,Male,231.130.88.57
21,Christopher,Tavernor,ctavernork@phpbb.com,Male,131.10.91.203
22,Kasey,Keeltagh,kkeeltaghl@vistaprint.com,Female,95.225.87.14
23,Starr,Carmont,scarmontm@cnbc.com,Female,228.56.185.211
24,Blaine,Stern,bsternn@php.net,Male,170.123.88.2
25,Odella,Harkins,oharkinso@weather.com,Female,184.149.250.191
26,Zach,Oherlihy,zoherlihyp@ehow.com,Male,171.95.43.145
27,Modestia,Allinson,mallinsonq@sciencedirect.com,Female,55.62.45.130
28,Prudi,Lanaway,planawayr@about.com,Female,20.238.110.116
29,Britta,Alberts,balbertss@jugem.jp,Female,249.191.26.5
30,Pandora,Shear,psheart@businessinsider.com,Female,191.42.49.186
31,Arabelle,Shemilt,ashemiltu@meetup.com,Female,228.89.255.179
32,Frederick,Derwin,fderwinv@apple.com,Male,208.176.5.151
33,Tessy,Rulton,trultonw@ycombinator.com,Female,128.59.201.170
34,Consuela,Ethelstone,cethelstonex@hp.com,Female,134.173.208.204
35,Leon,Bauchop,lbauchopy@wikimedia.org,Male,101.185.31.62
36,Maddie,Sopper,msopperz@twitpic.com,Male,181.185.97.113
37,Arron,Fleeming,afleeming10@mashable.com,Male,150.244.111.35
38,Raffarty,Browne,rbrowne11@topsy.com,Male,25.177.238.182
39,Inglis,Cockburn,icockburn12@shinystat.com,Male,95.252.136.239
40,Norma,Allon,nallon13@nature.com,Female,217.194.169.59
41,Berthe,Veal,bveal14@irs.gov,Female,197.141.58.28
42,Christye,Cargon,ccargon15@gnu.org,Female,43.55.146.92
43,Briney,Spittall,bspittall16@ox.ac.uk,Female,202.28.26.17
44,Arturo,Antonov,aantonov17@mashable.com,Male,75.56.72.237
45,Brana,Siddons,bsiddons18@naver.com,Female,70.222.151.79
46,Mignon,Northbridge,mnorthbridge19@nymag.com,Female,17.56.198.42
47,Jobina,Alderson,jalderson1a@harvard.edu,Female,36.126.212.5
48,Buddy,Naisey,bnaisey1b@xinhuanet.com,Male,206.247.132.216
49,Sidnee,Balasini,sbalasini1c@technorati.com,Male,158.108.36.219
50,Ninette,Bog,nbog1d@usa.gov,Female,64.75.121.93
51,Tobe,Von Hindenburg,tvonhindenburg1e@nps.gov,Female,5.225.46.53
52,Camellia,McGaugan,cmcgaugan1f@about.me,Female,58.30.91.70
53,Mozes,Slader,mslader1g@china.com.cn,Male,66.31.173.230
54,Agneta,Ingliby,aingliby1h@alexa.com,Female,55.67.255.148
55,Shayna,Antosch,santosch1i@cargocollective.com,Female,205.107.213.228
56,Frayda,Faulds,ffaulds1j@about.me,Female,130.25.231.165
57,Raffarty,Dickman,rdickman1k@prlog.org,Male,121.148.79.26
58,Zitella,Chillingsworth,zchillingsworth1l@berkeley.edu,Female,164.216.76.111
59,Inessa,Savage,isavage1m@nbcnews.com,Female,166.6.129.144
60,Ysabel,Keling,ykeling1n@si.edu,Female,154.128.68.40
61,Fabien,Van't Hoff,fvanthoff1o@yahoo.co.jp,Male,240.47.163.129
62,Rhianna,Bafford,rbafford1p@icq.com,Female,207.94.9.228
63,Ossie,Maass,omaass1q@jalbum.net,Male,107.77.59.137
64,Patrice,Trotton,ptrotton1r@umn.edu,Male,97.45.19.202
65,Roselia,Eminson,reminson1s@addtoany.com,Female,69.30.145.65
66,Lay,Weightman,lweightman1t@wp.com,Male,133.171.46.102
67,Timmy,Piers,tpiers1u@last.fm,Male,153.51.231.230
68,Pia,Ofen,pofen1v@zdnet.com,Female,189.169.89.28
69,Clarine,Martijn,cmartijn1w@w3.org,Female,49.137.1.25
70,Cate,FitzGeorge,cfitzgeorge1x@uiuc.edu,Female,143.123.94.3
71,Aldwin,Ventom,aventom1y@yellowbook.com,Male,21.232.236.155
72,Kenton,Beaconsall,kbeaconsall1z@deliciousdays.com,Male,188.108.38.236
73,Simonette,Mertgen,smertgen20@walmart.com,Female,130.145.255.142
74,Amby,O'Donoghue,aodonoghue21@jiathis.com,Male,48.114.223.180
75,Nollie,Ashling,nashling22@mashable.com,Male,248.95.53.28
76,Maurizia,Obin,mobin23@ebay.com,Female,245.105.228.103
77,Templeton,Witz,twitz24@dot.gov,Male,34.176.181.233
78,Kermie,Massey,kmassey25@seattletimes.com,Male,54.143.196.253
79,Matthaeus,Wibberley,mwibberley26@skype.com,Male,242.164.114.110
80,Edie,Kirsop,ekirsop27@mail.ru,Female,97.235.214.106
81,Aretha,Sibun,asibun28@blinklist.com,Female,132.14.75.116
82,Olivette,Crotty,ocrotty29@cdc.gov,Female,20.34.131.162
83,Reggy,Greengrass,rgreengrass2a@dyndns.org,Male,122.21.240.243
84,Benita,McVeigh,bmcveigh2b@bandcamp.com,Female,118.93.87.118
85,Lawrence,Normavell,lnormavell2c@mtv.com,Male,45.101.100.172
86,Twyla,Tabart,ttabart2d@stanford.edu,Female,4.128.28.114
87,Eugine,Kilmurray,ekilmurray2e@hhs.gov,Female,151.108.206.67
88,Erna,Pinching,epinching2f@aol.com,Female,75.92.158.194
89,Timmy,Menico,tmenico2g@unc.edu,Female,229.28.198.173
90,Carlie,Conroy,cconroy2h@t-online.de,Male,189.132.101.181
91,Ignatius,Tilling,itilling2i@foxnews.com,Male,191.226.162.145
92,Odie,Coughtrey,ocoughtrey2j@gizmodo.com,Male,89.235.114.200
93,Davis,Guiducci,dguiducci2k@woothemes.com,Male,131.179.245.136
94,Goldi,Bungey,gbungey2l@issuu.com,Female,240.19.184.200
95,Valentine,Lewton,vlewton2m@histats.com,Female,196.79.111.9
96,Field,Coffin,fcoffin2n@weibo.com,Male,33.252.95.151
97,Shandy,McKirton,smckirton2o@illinois.edu,Female,56.141.220.239
98,Tracie,Di Claudio,tdiclaudio2p@nasa.gov,Female,63.97.93.196
99,Brook,Baselio,bbaselio2q@bigcartel.com,Male,209.27.123.51
100,Robinet,Friett,rfriett2r@infoseek.co.jp,Male,146.131.206.181
101,Judy,Brader,jbrader2s@wiley.com,Female,221.117.24.251
102,Tremayne,Roscow,troscow2t@trellian.com,Male,203.11.237.206
103,Lauritz,Cowherd,lcowherd2u@google.co.jp,Male,159.179.26.174
104,Fey,Voden,fvoden2v@ifeng.com,Female,33.210.135.19
105,Tony,Allanby,tallanby2w@prnewswire.com,Male,240.2.133.178
106,Gabriellia,Cliff,gcliff2x@cdc.gov,Female,14.213.5.77
107,Stavros,Villiers,svilliers2y@squarespace.com,Male,70.55.252.36
108,Bearnard,MacFadzan,bmacfadzan2z@ezinearticles.com,Male,208.32.200.209
109,Steffi,Geleman,sgeleman30@cdbaby.com,Female,34.23.196.141
110,Mommy,Fooks,mfooks31@de.vu,Female,224.186.36.206
111,Sandor,Daniellot,sdaniellot32@scientificamerican.com,Male,112.240.58.228
112,Zitella,Perrington,zperrington33@spiegel.de,Female,92.92.36.157
113,Stefan,Malec,smalec34@huffingtonpost.com,Male,208.236.78.212
114,Didi,Vidgen,dvidgen35@symantec.com,Female,252.132.250.201
115,Corene,Huffadine,chuffadine36@netscape.com,Female,82.184.232.175
116,Louie,Sellan,lsellan37@amazon.com,Male,95.210.56.154
117,Sisely,Benns,sbenns38@weibo.com,Female,60.154.29.97
118,Mendy,Bramstom,mbramstom39@europa.eu,Male,249.165.207.159
119,Ricard,Bockin,rbockin3a@uol.com.br,Male,112.169.101.14
120,Courtenay,Hiseman,chiseman3b@cocolog-nifty.com,Female,37.55.105.43
121,Ingaberg,Lindeberg,ilindeberg3c@nifty.com,Female,234.63.103.227
122,Valentijn,Maryon,vmaryon3d@amazon.de,Male,55.34.181.106
123,Jelene,Mapston,jmapston3e@cdc.gov,Female,133.160.128.182
124,Darsie,Duffill,dduffill3f@jugem.jp,Female,230.54.221.220
125,Marleah,Laible,mlaible3g@cbslocal.com,Female,97.14.103.242
126,Kimberlyn,Prewer,kprewer3h@bloglines.com,Female,39.195.129.75
127,Anna,Asp,aasp3i@linkedin.com,Female,181.255.195.220
128,Eddy,Stelfox,estelfox3j@si.edu,Male,146.220.229.90
129,Mimi,Dow,mdow3k@ox.ac.uk,Female,243.24.37.113
130,Conroy,Vassel,cvassel3l@diigo.com,Male,163.163.3.234
131,Juditha,Dunckley,jdunckley3m@instagram.com,Female,110.66.20.212
132,Ermina,Blazynski,eblazynski3n@myspace.com,Female,87.109.73.231
133,Tan,Curthoys,tcurthoys3o@msu.edu,Male,250.113.131.4
134,Jedidiah,Greenwood,jgreenwood3p@omniture.com,Male,175.144.210.116
135,Oliviero,Sword,osword3q@nba.com,Male,142.84.195.91
136,Margalo,Austwick,maustwick3r@ustream.tv,Female,65.6.81.80
137,Olav,Deller,odeller3s@163.com,Male,166.1.236.133
138,Guthry,Virgoe,gvirgoe3t@bloglines.com,Male,235.100.106.5
139,Ransell,Stanhope,rstanhope3u@wunderground.com,Male,131.159.238.168
140,Remington,Sholl,rsholl3v@reverbnation.com,Male,109.23.70.70
141,Rafaelia,Clancey,rclancey3w@miitbeian.gov.cn,Female,138.192.137.109
142,Eugenio,Conneau,econneau3x@yahoo.com,Male,228.45.53.207
143,Craggy,Lanktree,clanktree3y@phpbb.com,Male,82.193.109.219
144,Theressa,Cubitt,tcubitt3z@acquirethisname.com,Female,128.117.114.223
145,Rhodia,Plott,rplott40@discuz.net,Female,72.40.69.163
146,Isidro,Lambarth,ilambarth41@senate.gov,Male,98.227.179.57
147,Winslow,Whitlaw,wwhitlaw42@google.co.uk,Male,163.6.199.14
148,Valry,McAuslan,vmcauslan43@webmd.com,Female,98.79.132.168
149,Gipsy,Eynon,geynon44@homestead.com,Female,208.198.173.227
150,Shurlocke,Fidal,sfidal45@xrea.com,Male,15.251.217.80
151,Niels,Eddisford,neddisford46@wordpress.org,Male,148.31.158.59
152,Fedora,Zielinski,fzielinski47@hexun.com,Female,110.127.253.160
153,Anthia,Coolahan,acoolahan48@sun.com,Female,43.235.212.233
154,Linoel,Balme,lbalme49@businessinsider.com,Male,210.127.47.210
155,Sanders,Puckham,spuckham4a@wordpress.com,Male,108.144.156.87
156,Devland,Orans,dorans4b@rediff.com,Male,138.207.54.62
157,Chrissie,Gabler,cgabler4c@ocn.ne.jp,Male,201.20.90.149
158,Shaina,Jemison,sjemison4d@bigcartel.com,Female,250.127.211.196
159,Cristabel,Miroy,cmiroy4e@feedburner.com,Female,135.153.140.151
160,Micheal,Galiford,mgaliford4f@reddit.com,Male,187.94.165.218
161,Vale,Guille,vguille4g@miibeian.gov.cn,Female,232.137.217.81
162,Patty,Grass,pgrass4h@gnu.org,Female,185.23.118.205
163,Kathi,Headan,kheadan4i@usnews.com,Female,2.115.80.71
164,Broddy,Maddern,bmaddern4j@digg.com,Male,124.143.56.223
165,Teressa,Dahlberg,tdahlberg4k@nbcnews.com,Female,22.89.164.245
166,Mayor,Lipp,mlipp4l@howstuffworks.com,Male,23.47.69.45
167,Celinka,Cattermole,ccattermole4m@google.co.uk,Female,252.192.144.246
168,Joyann,Mandrier,jmandrier4n@epa.gov,Female,129.227.36.72
169,Corrine,Hissie,chissie4o@archive.org,Female,163.50.184.207
170,Delilah,Haddacks,dhaddacks4p@xing.com,Female,98.208.52.17
171,Godard,Baxendale,gbaxendale4q@dagondesign.com,Male,240.255.162.111
172,Flinn,Meininger,fmeininger4r@latimes.com,Male,239.201.129.131
173,Vaughn,Barnwill,vbarnwill4s@dot.gov,Male,83.219.137.88
174,Tallia,Andren,tandren4t@icio.us,Female,195.190.243.254
175,Shaughn,Laughrey,slaughrey4u@macromedia.com,Male,229.240.97.217
176,Bibby,Hender,bhender4v@pagesperso-orange.fr,Female,72.201.55.119
177,Ardeen,Dowson,adowson4w@vistaprint.com,Female,201.151.183.8
178,Annaliese,Ornillos,aornillos4x@nytimes.com,Female,1.10.254.215
179,Arlyn,Beetles,abeetles4y@tinyurl.com,Female,77.134.29.195
180,Darleen,Padley,dpadley4z@house.gov,Female,23.45.106.103
181,Wat,Heake,wheake50@telegraph.co.uk,Male,3.2.67.6
182,Saw,Haverson,shaverson51@nationalgeographic.com,Male,174.66.81.45
183,Mariam,Zapatero,mzapatero52@nhs.uk,Female,164.184.168.152
184,Junia,Custard,jcustard53@chicagotribune.com,Female,67.1.177.31
185,Dylan,Welldrake,dwelldrake54@hp.com,Male,106.233.88.154
186,Abramo,McKennan,amckennan55@tinypic.com,Male,226.199.206.41
187,Charmane,Theunissen,ctheunissen56@icq.com,Female,152.241.76.75
188,Alethea,Hailey,ahailey57@163.com,Female,10.246.203.102
189,Wit,Adrien,wadrien58@xing.com,Male,190.110.153.57
190,Jeremy,Tenby,jtenby59@tripod.com,Male,212.142.123.14
191,Allie,Caville,acaville5a@deliciousdays.com,Male,78.72.157.105
192,Sybille,Phebey,sphebey5b@stanford.edu,Female,185.59.220.50
193,Hyman,Romer,hromer5c@i2i.jp,Male,53.3.175.191
194,Erl,Gadeaux,egadeaux5d@opensource.org,Male,86.30.95.167
195,Jaynell,Loftus,jloftus5e@state.tx.us,Female,165.125.72.98
196,Raynard,Bainbridge,rbainbridge5f@ycombinator.com,Male,27.6.49.96
197,Tildy,Edens,tedens5g@disqus.com,Female,168.23.110.154
198,Fredi,Kapiloff,fkapiloff5h@bigcartel.com,Female,229.59.215.145
199,Janene,Deporte,jdeporte5i@usgs.gov,Female,25.246.72.251
200,Quinton,Megarrell,qmegarrell5j@vinaora.com,Male,213.50.144.231
201,Ludovico,Crosfeld,lcrosfeld5k@technorati.com,Male,157.110.112.149
202,Jolee,Raspin,jraspin5l@tinyurl.com,Female,229.218.251.33
203,Jules,Djakovic,jdjakovic5m@yolasite.com,Male,215.31.17.107
204,Phylis,Beecroft,pbeecroft5n@google.com.au,Female,169.45.229.30
205,Papageno,Irvine,pirvine5o@amazonaws.com,Male,42.73.115.39
206,Vick,Brignell,vbrignell5p@spiegel.de,Male,88.5.27.173
207,Ysabel,Blazevic,yblazevic5q@ocn.ne.jp,Female,22.220.248.40
208,Alexa,Noen,anoen5r@msn.com,Female,220.48.106.231
209,Morgan,Sokill,msokill5s@google.co.jp,Male,151.255.76.199
210,Lev,Ratie,lratie5t@amazon.co.jp,Male,161.12.98.197
211,Tanny,Adami,tadami5u@booking.com,Male,99.30.127.119
212,Isabeau,Queste,iqueste5v@a8.net,Female,72.181.186.125
213,Clarance,Bromley,cbromley5w@com.com,Male,115.155.99.253
214,Brenda,Tokell,btokell5x@google.de,Female,231.171.71.225
215,Giacopo,Standidge,gstandidge5y@oaic.gov.au,Male,26.187.151.242
216,Perry,Brackenbury,pbrackenbury5z@1688.com,Female,20.176.243.66
217,Ardelis,Ebanks,aebanks60@mashable.com,Female,70.5.234.44
218,Jesse,Bryson,jbryson61@wordpress.com,Male,211.104.83.74
219,Whitman,Topham,wtopham62@marketwatch.com,Male,121.72.207.82
220,Berta,Kingstne,bkingstne63@eepurl.com,Female,21.255.138.38
221,Rourke,L' Anglois,rlanglois64@yellowpages.com,Male,92.86.15.95
222,Merna,Hanscom,mhanscom65@springer.com,Female,5.213.31.39
223,Rycca,Terris,rterris66@google.ca,Female,102.156.4.19
224,Reggy,Swindley,rswindley67@sitemeter.com,Male,59.153.234.48
225,Jennifer,Tothe,jtothe68@reuters.com,Female,137.210.23.124
226,Rodney,Giacomo,rgiacomo69@ning.com,Male,216.201.170.28
227,Shelden,Jasik,sjasik6a@odnoklassniki.ru,Male,44.188.92.35
228,Ibbie,Meah,imeah6b@nyu.edu,Female,125.71.109.100
229,Bernardine,Rabier,brabier6c@trellian.com,Female,221.12.178.238
230,Paule,Chadwyck,pchadwyck6d@fc2.com,Female,248.143.67.184
231,Avigdor,Munks,amunks6e@chronoengine.com,Male,77.23.33.105
232,Neille,Dober,ndober6f@alibaba.com,Female,45.10.86.153
233,Lorain,Records,lrecords6g@angelfire.com,Female,144.221.70.165
234,Eveleen,O'Dowling,eodowling6h@youku.com,Female,8.233.16.235
235,Murdock,Stallard,mstallard6i@diigo.com,Male,206.96.116.110
236,Damiano,Creigan,dcreigan6j@wix.com,Male,104.64.90.158
237,Thedric,MacEvilly,tmacevilly6k@salon.com,Male,200.30.46.113
238,Welch,Nast,wnast6l@reverbnation.com,Male,31.44.155.200
239,Wendi,Jakel,wjakel6m@wufoo.com,Female,142.62.39.33
240,Tedi,Morsey,tmorsey6n@meetup.com,Female,233.160.86.129
241,Janet,Tooher,jtooher6o@businesswire.com,Female,236.127.181.94
242,Alasteir,Mohammed,amohammed6p@bing.com,Male,106.156.98.136
243,Pierson,Eskell,peskell6q@github.com,Male,255.212.47.80
244,Kimberley,Measham,kmeasham6r@skyrock.com,Female,79.89.127.150
245,Edna,Pixton,epixton6s@twitter.com,Female,99.47.45.121
246,Alyse,Dudding,adudding6t@ucoz.ru,Female,138.31.145.22
247,Robenia,Santarelli,rsantarelli6u@imageshack.us,Female,200.32.165.87
248,Hube,Luetkemeyer,hluetkemeyer6v@time.com,Male,26.175.176.44
249,Nappy,Tomet,ntomet6w@etsy.com,Male,22.194.57.244
250,Lurline,Seer,lseer6x@shop-pro.jp,Female,223.88.229.116
251,Katine,Gingell,kgingell6y@163.com,Female,128.187.117.199
252,Claribel,Wardle,cwardle6z@pen.io,Female,54.253.57.103
253,Dennie,Brailsford,dbrailsford70@slate.com,Female,253.117.22.54
254,Garey,Dulling,gdulling71@alexa.com,Male,193.47.49.28
255,Lelia,Calverd,lcalverd72@lycos.com,Female,237.65.125.55
256,Jacqui,Livesey,jlivesey73@discovery.com,Female,59.6.155.3
257,Nadya,Dunsleve,ndunsleve74@auda.org.au,Female,180.22.177.28
258,Hannie,Ewart,hewart75@dot.gov,Female,235.156.4.68
259,Michaella,Faulkner,mfaulkner76@deliciousdays.com,Female,165.47.72.87
260,Friedrick,Jeffcoat,fjeffcoat77@photobucket.com,Male,78.126.222.164
261,Raff,Bax,rbax78@scientificamerican.com,Male,41.91.49.236
262,Charita,de Merida,cdemerida79@un.org,Female,217.156.125.238
263,Paulina,Conquer,pconquer7a@usgs.gov,Female,155.214.248.218
264,Eleanora,Creek,ecreek7b@cnet.com,Female,187.127.72.254
265,Karalynn,Cossem,kcossem7c@facebook.com,Female,48.11.92.164
266,Waylan,Gabbatiss,wgabbatiss7d@forbes.com,Male,95.147.24.158
267,Garnette,Youde,gyoude7e@smugmug.com,Female,86.140.7.80
268,Gabbie,Doy,gdoy7f@hugedomains.com,Male,106.6.42.51
269,Hieronymus,Sidebotton,hsidebotton7g@tripadvisor.com,Male,214.201.69.187
270,Jae,Cadalleder,jcadalleder7h@sina.com.cn,Male,49.106.196.23
271,Gayleen,Kyd,gkyd7i@npr.org,Female,207.88.7.233
272,Analiese,Durkin,adurkin7j@slate.com,Female,166.176.112.137
273,Sharlene,Janaway,sjanaway7k@nba.com,Female,197.99.245.100
274,Aurelea,Hanne,ahanne7l@unc.edu,Female,215.221.249.226
275,Lurette,Setterthwait,lsetterthwait7m@netscape.com,Female,8.149.150.186
276,Bendix,Tallyn,btallyn7n@weather.com,Male,214.45.9.20
277,Birdie,Northway,bnorthway7o@pagesperso-orange.fr,Female,17.195.25.33
278,Kincaid,Churm,kchurm7p@slashdot.org,Male,31.66.220.123
279,Elmer,Kesten,ekesten7q@sitemeter.com,Male,104.206.16.16
280,Leonora,Hekkert,lhekkert7r@army.mil,Female,222.41.61.193
281,Rocky,Godier,rgodier7s@unblog.fr,Male,142.245.71.161
282,Genna,Duffil,gduffil7t@dion.ne.jp,Female,12.52.137.52
283,Byran,Bever,bbever7u@comsenz.com,Male,138.81.182.177
284,Vinni,Conrard,vconrard7v@dell.com,Female,59.227.88.70
285,Ivan,Carhart,icarhart7w@earthlink.net,Male,21.85.7.163
286,Rowe,Escot,rescot7x@ezinearticles.com,Female,148.196.174.7
287,Cob,Lace,clace7y@wikia.com,Male,113.108.97.125
288,Thorin,Baggott,tbaggott7z@statcounter.com,Male,240.127.222.141
289,Brent,Conerding,bconerding80@latimes.com,Male,40.50.118.73
290,Muire,Hillin,mhillin81@xinhuanet.com,Female,193.189.61.98
291,Augustina,Ancketill,aancketill82@dot.gov,Female,95.233.232.78
292,Cyrille,Breede,cbreede83@reverbnation.com,Male,124.238.229.141
293,Fonz,Meneghelli,fmeneghelli84@baidu.com,Male,40.230.5.53
294,Arin,Stouther,astouther85@globo.com,Male,57.245.136.246
295,Clementius,Adacot,cadacot86@artisteer.com,Male,105.160.188.116
296,Jenine,Honacker,jhonacker87@zimbio.com,Female,42.155.60.149
297,Dave,Kilmartin,dkilmartin88@cargocollective.com,Male,113.149.253.250
298,Mischa,Aers,maers89@businessinsider.com,Male,71.13.105.155
299,Farrand,Stealey,fstealey8a@patch.com,Female,31.211.197.51
300,Deana,Tithacott,dtithacott8b@list-manage.com,Female,243.71.167.206
301,Dore,Pagram,dpagram8c@goodreads.com,Female,191.196.237.227
302,Deina,Daunter,ddaunter8d@multiply.com,Female,247.46.225.227
303,Jack,Shyres,jshyres8e@artisteer.com,Male,147.56.68.203
304,Juan,Tranmer,jtranmer8f@nsw.gov.au,Male,127.166.44.186
305,Baily,Goncalo,bgoncalo8g@jalbum.net,Male,155.239.213.71
306,Elfie,Adelman,eadelman8h@weebly.com,Female,82.167.109.143
307,Britt,MacKeig,bmackeig8i@livejournal.com,Female,28.184.18.242
308,Parnell,Lars,plars8j@liveinternet.ru,Male,41.56.254.241
309,Adelaida,Aleksahkin,aaleksahkin8k@alexa.com,Female,58.209.194.210
310,Gilberta,Beecraft,gbeecraft8l@umn.edu,Female,91.134.21.174
311,Ewell,Rumford,erumford8m@miibeian.gov.cn,Male,121.111.78.143
312,Gabi,Duffet,gduffet8n@cdbaby.com,Male,56.26.211.142
313,Jaclin,Willerson,jwillerson8o@archive.org,Female,17.28.55.171
314,Dyanne,Reeder,dreeder8p@sciencedaily.com,Female,9.128.241.72
315,Rosella,Bowshire,rbowshire8q@example.com,Female,117.239.243.27
316,Shara,Bichard,sbichard8r@npr.org,Female,201.88.39.80
317,Ethan,Scobbie,escobbie8s@nymag.com,Male,128.184.236.128
318,Irene,Gowdie,igowdie8t@ox.ac.uk,Female,0.154.35.57
319,Sheilah,Notti,snotti8u@technorati.com,Female,236.232.141.147
320,Melvyn,Kervin,mkervin8v@360.cn,Male,10.214.127.4
321,Dwayne,Halpine,dhalpine8w@wordpress.com,Male,117.232.29.168
322,Shaun,Giraudat,sgiraudat8x@house.gov,Female,185.179.43.168
323,Shalna,Buyers,sbuyers8y@bandcamp.com,Female,118.66.13.175
324,Shanta,Kiely,skiely8z@spotify.com,Female,204.231.193.157
325,Van,Meacher,vmeacher90@wired.com,Male,125.151.177.41
326,Hughie,Braxay,hbraxay91@icio.us,Male,49.189.14.82
327,Damiano,Volage,dvolage92@nhs.uk,Male,98.96.124.126
328,Craggie,Sent,csent93@ft.com,Male,117.220.3.152
329,Dedie,O'Scollee,doscollee94@nymag.com,Female,52.54.117.64
330,Nissy,Jeskins,njeskins95@cornell.edu,Female,50.20.20.61
331,Gypsy,Cattrall,gcattrall96@mit.edu,Female,59.142.91.43
332,Teddie,Honack,thonack97@e-recht24.de,Male,185.97.165.40
333,Penelope,Ker,pker98@sourceforge.net,Female,128.116.100.66
334,Cary,Kimmel,ckimmel99@cdc.gov,Male,231.147.127.247
335,Fonz,Buckel,fbuckel9a@amazon.com,Male,205.22.139.143
336,Westleigh,Beaze,wbeaze9b@rediff.com,Male,165.36.163.162
337,Natalina,MacGorrie,nmacgorrie9c@ebay.co.uk,Female,248.225.97.148
338,Shandra,Hallybone,shallybone9d@privacy.gov.au,Female,200.122.58.106
339,Dru,Leitch,dleitch9e@ow.ly,Female,196.40.49.42
340,Terrijo,Baigrie,tbaigrie9f@dyndns.org,Female,9.168.138.217
341,Gilda,Punton,gpunton9g@zimbio.com,Female,134.189.184.63
342,Shaina,Whetson,swhetson9h@mail.ru,Female,110.40.122.93
343,Carolee,Navein,cnavein9i@mac.com,Female,1.172.59.149
344,Jasmine,Cope,jcope9j@wsj.com,Female,68.248.174.234
345,Curt,Peyzer,cpeyzer9k@skype.com,Male,208.90.187.240
346,Gilda,Costerd,gcosterd9l@google.cn,Female,238.105.207.218
347,Rowney,Paffett,rpaffett9m@imgur.com,Male,171.150.209.172
348,Nero,Jacobovitch,njacobovitch9n@huffingtonpost.com,Male,43.146.27.191
349,Tabby,Berry,tberry9o@infoseek.co.jp,Female,111.9.206.2
350,Irvine,Tinton,itinton9p@yelp.com,Male,155.137.3.186
351,Osmund,Thow,othow9q@slideshare.net,Male,161.76.158.200
352,Alvy,Ginger,aginger9r@ebay.co.uk,Male,54.192.139.176
353,Torin,MacKinnon,tmackinnon9s@aboutads.info,Male,59.112.255.247
354,Jaquith,Kerin,jkerin9t@stanford.edu,Female,253.107.51.224
355,Alfreda,Rabjohn,arabjohn9u@smugmug.com,Female,15.15.198.61
356,Minne,Peinke,mpeinke9v@china.com.cn,Female,190.161.163.196
357,Ursola,Kemmett,ukemmett9w@admin.ch,Female,51.224.69.4
358,Hollyanne,Hardy-Piggin,hhardypiggin9x@facebook.com,Female,169.130.88.152
359,Haily,Durward,hdurward9y@clickbank.net,Female,233.223.51.214
360,Carie,Redshaw,credshaw9z@about.com,Female,18.232.20.40
361,Demetris,Hearnes,dhearnesa0@webnode.com,Male,234.87.221.161
362,Michail,Brocklesby,mbrocklesbya1@bloomberg.com,Male,228.204.39.104
363,Robbie,Laguerre,rlaguerrea2@hhs.gov,Female,244.6.85.86
364,Deloria,Symcox,dsymcoxa3@nih.gov,Female,49.221.64.169
365,Yale,Dunton,yduntona4@webmd.com,Male,188.187.147.192
366,Purcell,Hendron,phendrona5@phpbb.com,Male,52.225.4.200
367,Amery,Birkenshaw,abirkenshawa6@epa.gov,Male,87.170.199.183
368,Nobe,Beckitt,nbeckitta7@weibo.com,Male,81.52.52.220
369,Rossy,Staner,rstanera8@tuttocitta.it,Male,222.27.62.243
370,Tanny,Ticehurst,tticehursta9@bloomberg.com,Male,154.116.185.117
371,Cloris,Wylder,cwylderaa@mediafire.com,Female,136.89.102.135
372,Silvester,McColley,smccolleyab@omniture.com,Male,2.204.251.178
373,Don,Riccetti,driccettiac@europa.eu,Male,196.82.38.101
374,Briano,Bernhardt,bbernhardtad@altervista.org,Male,212.109.135.7
375,Sloane,Burfoot,sburfootae@ifeng.com,Male,254.42.132.203
376,Luce,Durling,ldurlingaf@pagesperso-orange.fr,Male,96.35.17.43
377,Eustace,Costain,ecostainag@nature.com,Male,49.239.220.140
378,Bonnie,Listone,blistoneah@umn.edu,Female,56.127.58.220
379,Bryce,Worsnap,bworsnapai@cisco.com,Male,122.255.141.73
380,Rozella,Leaf,rleafaj@imdb.com,Female,160.192.118.21
381,Marji,Van Haeften,mvanhaeftenak@omniture.com,Female,32.42.111.64
382,Elva,Lethby,elethbyal@mac.com,Female,43.75.216.147
383,Alexandre,Heister,aheisteram@blogs.com,Male,162.51.245.184
384,Elfrida,McIlenna,emcilennaan@usatoday.com,Female,135.2.177.157
385,Luelle,Fernao,lfernaoao@comsenz.com,Female,225.250.123.170
386,Catlin,Legate,clegateap@ca.gov,Female,26.39.60.97
387,Tuesday,Camidge,tcamidgeaq@slideshare.net,Female,124.159.191.53
388,Lora,Cutford,lcutfordar@oakley.com,Female,100.192.69.7
389,Keith,Kebbell,kkebbellas@macromedia.com,Male,187.97.219.210
390,Lemmie,Halle,lhalleat@nature.com,Male,255.11.221.93
391,Trev,Biles,tbilesau@baidu.com,Male,222.225.102.131
392,Debby,Mattheis,dmattheisav@dailymail.co.uk,Female,85.237.171.106
393,Julius,Biggans,jbiggansaw@comsenz.com,Male,191.74.38.46
394,Valma,Barrable,vbarrableax@economist.com,Female,71.129.29.119
395,Eli,Rolfo,erolfoay@admin.ch,Male,132.175.215.16
396,Scarlett,Lehrer,slehreraz@dyndns.org,Female,7.71.251.173
397,Cale,Zamudio,czamudiob0@reverbnation.com,Male,26.199.41.90
398,Adiana,Stonhard,astonhardb1@51.la,Female,150.82.141.12
399,Kendell,Fisbey,kfisbeyb2@cpanel.net,Male,243.186.235.191
400,Matthaeus,Zavattieri,mzavattierib3@blinklist.com,Male,101.142.145.96
401,Adlai,Daunter,adaunterb4@google.de,Male,192.83.106.245
402,Grant,Pimblott,gpimblottb5@sohu.com,Male,63.41.190.73
403,Lombard,Feveryear,lfeveryearb6@ycombinator.com,Male,177.234.183.148
404,Rea,Valek,rvalekb7@baidu.com,Female,181.97.75.69
405,Clement,Cansdall,ccansdallb8@elpais.com,Male,59.159.86.96
406,Tabitha,Kipping,tkippingb9@deliciousdays.com,Female,107.238.86.85
407,Elie,Ackrill,eackrillba@pinterest.com,Female,43.126.116.245
408,Rodina,Fumagalli,rfumagallibb@fema.gov,Female,30.214.169.192
409,Mac,Connochie,mconnochiebc@wsj.com,Male,146.84.130.208
410,Augustine,Supple,asupplebd@yolasite.com,Male,6.54.146.79
411,Lind,Terren,lterrenbe@newyorker.com,Male,161.103.164.5
412,Corbie,Rickesies,crickesiesbf@theglobeandmail.com,Male,150.76.155.133
413,Dulciana,Rosettini,drosettinibg@hud.gov,Female,205.209.231.211
414,Nels,Hardes,nhardesbh@globo.com,Male,96.16.31.116
415,Minta,Delepine,mdelepinebi@chicagotribune.com,Female,175.95.212.252
416,Mimi,Beagen,mbeagenbj@scientificamerican.com,Female,233.58.71.103
417,Gawain,Bartley,gbartleybk@google.co.jp,Male,140.197.182.4
418,Beverly,McLleese,bmclleesebl@discuz.net,Female,188.55.131.2
419,Teador,Gostall,tgostallbm@booking.com,Male,117.164.223.234
420,Phylys,Bramall,pbramallbn@goo.ne.jp,Female,86.73.160.20
421,Donnamarie,Crofts,dcroftsbo@naver.com,Female,190.250.142.119
422,Zaria,Farron,zfarronbp@sbwire.com,Female,113.5.252.106
423,Harwilll,Amdohr,hamdohrbq@cpanel.net,Male,228.226.53.205
424,Morganne,Pendrick,mpendrickbr@theatlantic.com,Female,101.182.103.51
425,Briny,McKinty,bmckintybs@wp.com,Female,5.217.83.207
426,Trixi,Cloy,tcloybt@shutterfly.com,Female,79.70.217.20
427,Arlee,Belcham,abelchambu@comcast.net,Female,211.22.155.253
428,Jinny,Petracchi,jpetracchibv@cdbaby.com,Female,171.135.120.119
429,Dehlia,Van Baaren,dvanbaarenbw@topsy.com,Female,58.140.212.64
430,Ade,Witz,awitzbx@yellowbook.com,Male,88.153.91.150
431,Phil,Hatton,phattonby@ed.gov,Female,197.175.74.128
432,Vassili,McDill,vmcdillbz@yolasite.com,Male,29.164.221.90
433,Kirstyn,Fearfull,kfearfullc0@ftc.gov,Female,54.249.39.106
434,Kin,Waldram,kwaldramc1@ca.gov,Male,134.105.50.127
435,Wilona,Agglio,wagglioc2@mapy.cz,Female,188.10.171.2
436,Helge,Capinetti,hcapinettic3@house.gov,Female,33.165.50.244
437,Kaela,Coffey,kcoffeyc4@dmoz.org,Female,162.55.32.119
438,Fifi,Purves,fpurvesc5@imdb.com,Female,246.251.235.121
439,Elise,Breinl,ebreinlc6@cbslocal.com,Female,170.120.227.240
440,Tasia,Bonder,tbonderc7@ycombinator.com,Female,235.10.153.247
441,Pavel,Christopher,pchristopherc8@google.ru,Male,221.252.87.205
442,Andy,Wroath,awroathc9@google.nl,Male,132.107.216.147
443,Welsh,Alfonsetto,walfonsettoca@xing.com,Male,50.35.85.196
444,Clarance,Knight,cknightcb@answers.com,Male,64.71.103.82
445,Rudie,Guilfoyle,rguilfoylecc@linkedin.com,Male,177.130.119.54
446,Korney,Rikel,krikelcd@fema.gov,Female,138.236.203.24
447,Maggie,Ledeker,mledekerce@twitter.com,Female,44.146.1.33
448,D'arcy,Mytton,dmyttoncf@oakley.com,Male,7.240.81.125
449,Kippar,McCann,kmccanncg@weibo.com,Male,12.104.5.47
450,Gabriel,Lorentz,glorentzch@statcounter.com,Male,31.157.70.221
451,Urbain,Cruickshank,ucruickshankci@microsoft.com,Male,7.112.104.4
452,Barri,Nijssen,bnijssencj@sourceforge.net,Male,14.13.130.16
453,Lewes,Girkin,lgirkinck@ehow.com,Male,230.76.207.172
454,Rachael,Heindrich,rheindrichcl@creativecommons.org,Female,190.52.153.64
455,Ross,Bartali,rbartalicm@desdev.cn,Male,210.241.19.197
456,Nancie,Gillooly,ngilloolycn@moonfruit.com,Female,48.184.139.50
457,Lyndel,Axelbey,laxelbeyco@buzzfeed.com,Female,4.165.235.223
458,Barri,Bernaldez,bbernaldezcp@about.me,Male,171.235.113.69
459,Birdie,O'Cahey,bocaheycq@facebook.com,Female,54.83.89.28
460,Cristobal,Simek,csimekcr@economist.com,Male,126.98.31.11
461,Burty,Ivanyushkin,bivanyushkincs@ibm.com,Male,31.30.57.88
462,Norah,Ruffler,nrufflerct@miibeian.gov.cn,Female,0.62.183.62
463,Kessia,Seiler,kseilercu@loc.gov,Female,200.54.189.137
464,Jarvis,Pennoni,jpennonicv@census.gov,Male,226.179.235.151
465,Dillie,Duley,dduleycw@npr.org,Male,47.27.6.174
466,Durand,Wentworth,dwentworthcx@theatlantic.com,Male,159.145.2.124
467,Otha,Pitrelli,opitrellicy@printfriendly.com,Female,225.90.198.80
468,Phyllis,Gibbens,pgibbenscz@bloglines.com,Female,116.209.234.147
469,Oralie,Middler,omiddlerd0@cdc.gov,Female,40.220.74.127
470,Colver,Klement,cklementd1@shop-pro.jp,Male,253.51.76.212
471,Corry,Banbrook,cbanbrookd2@instagram.com,Female,148.63.197.167
472,Luce,Torald,ltoraldd3@jimdo.com,Female,118.193.121.174
473,Dulcy,MacColm,dmaccolmd4@desdev.cn,Female,124.203.149.21
474,Tadeo,Trapp,ttrappd5@delicious.com,Male,166.67.245.78
475,Morris,Prujean,mprujeand6@i2i.jp,Male,60.184.253.19
476,Buddie,Undrill,bundrilld7@ehow.com,Male,224.149.86.66
477,Daloris,Padula,dpadulad8@addthis.com,Female,105.235.203.238
478,Derril,Wilde,dwilded9@omniture.com,Male,164.244.233.20
479,Garner,Fairbanks,gfairbanksda@whitehouse.gov,Male,49.116.75.135
480,Roanne,McDonough,rmcdonoughdb@constantcontact.com,Female,204.162.116.54
481,Royall,Glancey,rglanceydc@sciencedirect.com,Male,0.62.99.217
482,Vallie,Ettels,vettelsdd@umich.edu,Female,48.154.241.212
483,Salem,Battany,sbattanyde@discovery.com,Male,224.158.251.229
484,Gustavus,Poynzer,gpoynzerdf@de.vu,Male,47.213.123.4
485,Carine,Chard,ccharddg@samsung.com,Female,57.127.158.209
486,Theodor,Simonich,tsimonichdh@canalblog.com,Male,11.142.224.115
487,Odessa,Rowbrey,orowbreydi@sbwire.com,Female,40.124.63.76
488,Cathi,Baggett,cbaggettdj@ucsd.edu,Female,218.83.30.23
489,Teriann,Phlipon,tphlipondk@imgur.com,Female,112.160.76.88
490,Rebecka,Merdew,rmerdewdl@meetup.com,Female,87.226.119.54
491,Kerrill,Veldstra,kveldstradm@livejournal.com,Female,35.34.189.234
492,Carlos,Jest,cjestdn@pcworld.com,Male,141.156.101.98
493,Dulce,Sussems,dsussemsdo@163.com,Female,69.53.231.120
494,Chris,Sparling,csparlingdp@wp.com,Male,157.255.10.57
495,Gena,Nobbs,gnobbsdq@infoseek.co.jp,Female,30.34.13.97
496,Allistir,Rotchell,arotchelldr@businessweek.com,Male,238.254.217.26
497,Daveen,Pettko,dpettkods@nba.com,Female,154.65.108.39
498,Rriocard,Burrells,rburrellsdt@clickbank.net,Male,190.21.214.122
499,Elvis,Baggarley,ebaggarleydu@ameblo.jp,Male,236.101.112.201
500,Kristy,Anglim,kanglimdv@merriam-webster.com,Female,207.163.36.40
501,Silvia,Antonignetti,santonignettidw@elegantthemes.com,Female,64.4.94.153
502,Reese,Dowson,rdowsondx@intel.com,Male,221.150.235.87
503,Penrod,Cancellario,pcancellariody@about.me,Male,192.68.156.184
504,Nevins,Labrum,nlabrumdz@amazon.co.jp,Male,51.103.178.72
505,Alfonse,Stroban,astrobane0@chicagotribune.com,Male,22.211.67.112
506,Carlie,Narramore,cnarramoree1@tamu.edu,Female,139.46.209.228
507,Lynnelle,Standish-Brooks,lstandishbrookse2@opera.com,Female,13.152.251.154
508,Toby,Farquhar,tfarquhare3@mail.ru,Female,106.141.158.167
509,Saunders,Jakoviljevic,sjakoviljevice4@spotify.com,Male,209.100.9.153
510,Jeanette,Sparkwill,jsparkwille5@umn.edu,Female,156.221.106.126
511,Claudius,Bleyman,cbleymane6@cnbc.com,Male,96.193.197.243
512,Munmro,de Pinna,mdepinnae7@apache.org,Male,251.35.6.208
513,Yvor,Scudamore,yscudamoree8@pcworld.com,Male,66.236.81.65
514,Orlan,Sprague,ospraguee9@imdb.com,Male,225.131.215.34
515,Spense,Windley,swindleyea@bbb.org,Male,206.252.176.132
516,Forester,Sargeant,fsargeanteb@theglobeandmail.com,Male,53.31.1.99
517,Ingaborg,Enrietto,ienriettoec@google.es,Female,128.202.32.135
518,Junette,Pietrzak,jpietrzaked@uol.com.br,Female,220.231.221.218
519,Jacenta,Langcastle,jlangcastleee@ox.ac.uk,Female,57.250.13.162
520,Beverie,Rawson,brawsonef@reverbnation.com,Female,183.155.13.169
521,Silvana,Husk,shuskeg@cargocollective.com,Female,108.107.36.6
522,Marv,Quigley,mquigleyeh@cnn.com,Male,234.170.178.235
523,Welsh,Chatelain,wchatelainei@photobucket.com,Male,133.132.249.238
524,Nikolos,Brownfield,nbrownfieldej@phpbb.com,Male,237.209.10.45
525,Elnora,Folliott,efolliottek@nymag.com,Female,72.119.104.83
526,Edeline,Adamczyk,eadamczykel@jugem.jp,Female,91.39.54.127
527,Alvin,Cosgriff,acosgriffem@reverbnation.com,Male,89.63.155.195
528,Mame,Cruwys,mcruwysen@skype.com,Female,198.36.37.78
529,Ollie,Lindenboim,olindenboimeo@chicagotribune.com,Female,51.253.133.42
530,Stacee,Duinbleton,sduinbletonep@netlog.com,Female,103.146.165.161
531,Ulric,Geggie,ugeggieeq@yahoo.co.jp,Male,236.148.24.213
532,Natalya,Liccardo,nliccardoer@yelp.com,Female,180.174.114.0
533,Andrea,Kennaway,akennawayes@fda.gov,Male,247.176.15.165
534,Valdemar,Hanna,vhannaet@domainmarket.com,Male,69.230.115.84
535,Dolores,Calam,dcalameu@umn.edu,Female,41.56.106.185
536,Aleta,Kobierski,akobierskiev@cornell.edu,Female,67.96.232.221
537,Kissiah,Klicher,kklicherew@apache.org,Female,36.46.105.124
538,Amara,Dekeyser,adekeyserex@webeden.co.uk,Female,221.42.128.228
539,Virgie,Bonnaire,vbonnaireey@meetup.com,Male,244.209.55.61
540,Jason,Petrovykh,jpetrovykhez@ucla.edu,Male,208.103.104.255
541,Jerrie,Duggen,jduggenf0@europa.eu,Male,17.30.59.110
542,Gerardo,Sogg,gsoggf1@vk.com,Male,75.158.228.11
543,Nanine,Coping,ncopingf2@huffingtonpost.com,Female,188.162.196.73
544,Jamie,Eastcott,jeastcottf3@qq.com,Female,242.16.177.170
545,Flinn,Ackenhead,fackenheadf4@stanford.edu,Male,95.153.9.199
546,Amity,Croser,acroserf5@chron.com,Female,31.169.45.89
547,Marisa,Oseland,moselandf6@theglobeandmail.com,Female,4.226.14.113
548,Hunt,Fortnam,hfortnamf7@clickbank.net,Male,201.164.22.207
549,Zulema,Jakuszewski,zjakuszewskif8@instagram.com,Female,121.148.165.229
550,Lawry,Barns,lbarnsf9@lycos.com,Male,17.175.125.133
551,Koralle,Duplan,kduplanfa@washingtonpost.com,Female,173.206.13.92
552,Barnebas,Coleyshaw,bcoleyshawfb@ebay.com,Male,197.121.114.249
553,Dwayne,Husher,dhusherfc@csmonitor.com,Male,60.106.51.213
554,Querida,Manthorpe,qmanthorpefd@cnbc.com,Female,53.79.234.66
555,Everett,Smeuin,esmeuinfe@elpais.com,Male,53.5.226.50
556,Raymund,Gerrard,rgerrardff@census.gov,Male,202.179.223.24
557,Jecho,Yeowell,jyeowellfg@paginegialle.it,Male,240.232.53.165
558,Christoffer,Crehan,ccrehanfh@sciencedaily.com,Male,234.84.31.244
559,Rockey,Heam,rheamfi@1und1.de,Male,200.218.138.48
560,Ebba,Philippard,ephilippardfj@bravesites.com,Female,57.169.251.69
561,Amandi,Farryan,afarryanfk@imdb.com,Female,85.127.178.127
562,Dorise,Hobbert,dhobbertfl@bloglovin.com,Female,14.168.223.205
563,Connor,Harewood,charewoodfm@blogger.com,Male,164.142.195.211
564,Olvan,Minot,ominotfn@goo.gl,Male,92.36.125.251
565,Gael,Grosier,ggrosierfo@paypal.com,Male,25.176.147.62
566,Kevon,Matys,kmatysfp@photobucket.com,Male,61.193.76.151
567,Nowell,Darton,ndartonfq@time.com,Male,19.66.202.148
568,Easter,Lanaway,elanawayfr@stanford.edu,Female,117.186.219.62
569,Arin,Berzon,aberzonfs@ca.gov,Male,217.10.112.81
570,Sylvester,Corrie,scorrieft@yellowbook.com,Male,180.166.115.253
571,Lezlie,Cambridge,lcambridgefu@bluehost.com,Female,86.125.254.215
572,Garvin,Clampett,gclampettfv@sourceforge.net,Male,63.58.20.175
573,Sonny,Blackford,sblackfordfw@earthlink.net,Female,183.64.9.47
574,Chariot,Litterick,clitterickfx@about.com,Male,21.199.1.82
575,Cole,Breissan,cbreissanfy@webs.com,Male,176.151.162.189
576,Nannette,Carlisle,ncarlislefz@topsy.com,Female,13.37.117.175
577,Rees,Grendon,rgrendong0@upenn.edu,Male,77.227.61.43
578,Pail,Silbermann,psilbermanng1@slashdot.org,Male,137.40.26.235
579,Lishe,Medling,lmedlingg2@amazon.co.uk,Female,98.207.187.99
580,Elbertine,Bamlett,ebamlettg3@intel.com,Female,127.175.18.254
581,Gianna,Schruur,gschruurg4@last.fm,Female,141.213.65.155
582,Wainwright,Orrick,worrickg5@tmall.com,Male,189.133.54.46
583,Carmelita,Douche,cdoucheg6@flavors.me,Female,60.139.88.136
584,Jefferey,Fierro,jfierrog7@cyberchimps.com,Male,183.227.181.211
585,Jilleen,Purselowe,jpurseloweg8@technorati.com,Female,216.160.181.179
586,Corrine,Tranmer,ctranmerg9@artisteer.com,Female,97.50.76.57
587,Buck,Cuthbertson,bcuthbertsonga@nps.gov,Male,3.23.77.15
588,Ninetta,McKinty,nmckintygb@samsung.com,Female,251.140.231.136
589,Justina,Yakob,jyakobgc@hao123.com,Female,98.31.88.231
590,Genevieve,Clere,gcleregd@gravatar.com,Female,243.212.99.139
591,Barb,Philot,bphilotge@virginia.edu,Female,224.97.191.151
592,Kyle,MacNeil,kmacneilgf@paypal.com,Male,216.156.35.82
593,Julie,Bulteel,jbulteelgg@about.me,Female,92.32.150.148
594,Loretta,Bowlas,lbowlasgh@zimbio.com,Female,195.120.122.190
595,Meta,Edwin,medwingi@taobao.com,Female,30.95.17.28
596,Jody,Grolle,jgrollegj@patch.com,Female,244.63.87.237
597,Hazel,Peattie,hpeattiegk@tinypic.com,Male,232.229.164.128
598,Johannes,Hudd,jhuddgl@uol.com.br,Male,82.110.48.219
599,Cherish,Sherlaw,csherlawgm@hibu.com,Female,44.45.159.172
600,AAAAAAAAA,BBBBBBBBB,test@test.com,Female,127.0.0.3
601,XXXXXX,Heartfield,aheartfieldgo@sina.com.cn,Female,229.240.50.16
602,Nick,Niche,nnichegp@narod.ru,Male,71.53.137.142
603,Roselia,Minards,rminardsgq@meetup.com,Female,67.221.253.198
604,Budd,Olennikov,bolennikovgr@opera.com,Male,204.84.64.16
605,Ode,Robley,orobleygs@friendfeed.com,Male,144.27.169.44
606,Cullin,O'Dyvoy,codyvoygt@360.cn,Male,202.201.138.135
607,Tammi,Taffurelli,ttaffurelligu@wsj.com,Female,56.211.32.250
608,Salim,Thorouggood,sthorouggoodgv@fda.gov,Male,179.70.39.105
609,Stuart,Novichenko,snovichenkogw@infoseek.co.jp,Male,150.230.12.42
610,Aimil,Labes,alabesgx@stumbleupon.com,Female,85.0.198.81
611,Omar,Cowope,ocowopegy@foxnews.com,Male,145.211.105.79
612,Marya,Sweynson,msweynsongz@auda.org.au,Female,185.222.101.149
613,Finlay,McLanachan,fmclanachanh0@trellian.com,Male,246.63.191.145
614,Nolana,Coleiro,ncoleiroh1@businessinsider.com,Female,218.189.69.62
615,Chicky,Fair,cfairh2@about.com,Male,217.60.158.129
616,Keven,Heifer,kheiferh3@msu.edu,Male,57.170.8.232
617,Odie,Colson,ocolsonh4@samsung.com,Male,143.57.10.119
618,Aube,Henfre,ahenfreh5@rakuten.co.jp,Male,23.109.139.116
619,Quintus,Jeayes,qjeayesh6@plala.or.jp,Male,235.147.206.14
620,Jeffry,Wakley,jwakleyh7@cbsnews.com,Male,41.59.13.218
621,Kelsey,Kinchlea,kkinchleah8@amazon.de,Male,245.170.202.93
622,Jayson,Flello,jflelloh9@umich.edu,Male,60.184.136.182
623,Nerissa,Giblett,ngiblettha@ibm.com,Female,132.156.119.83
624,Waylen,Halse,whalsehb@about.com,Male,239.174.250.116
625,Jordan,Schwand,jschwandhc@stumbleupon.com,Female,149.117.109.12
626,Korella,Peace,kpeacehd@discovery.com,Female,228.197.61.136
627,Carole,Britten,cbrittenhe@eepurl.com,Female,75.124.172.31
628,Brigid,Haly,bhalyhf@tiny.cc,Female,198.37.152.120
629,Mariele,Schettini,mschettinihg@tinyurl.com,Female,204.186.42.150
630,Shandra,Bachs,sbachshh@furl.net,Female,0.224.234.101
631,Boyce,Pert,bperthi@theguardian.com,Male,64.221.26.56
632,Fanya,Aspey,faspeyhj@bing.com,Female,209.221.14.205
633,Emalee,Middleweek,emiddleweekhk@moonfruit.com,Female,249.45.152.142
634,Marcelo,Catton,mcattonhl@slideshare.net,Male,137.33.200.22
635,Fay,Toor,ftoorhm@imageshack.us,Female,208.61.171.184
636,Janetta,Mence,jmencehn@ucla.edu,Female,95.88.16.60
637,Nicoline,Cescon,ncesconho@cyberchimps.com,Female,30.151.42.94
638,Nerissa,Ferrar,nferrarhp@furl.net,Female,150.196.239.106
639,Alisander,Crippin,acrippinhq@desdev.cn,Male,248.190.103.110
640,Liza,Weins,lweinshr@odnoklassniki.ru,Female,141.32.93.214
641,Ives,Flewitt,iflewitths@virginia.edu,Male,130.192.60.145
642,Enos,Murton,emurtonht@samsung.com,Male,85.10.141.233
643,Alexis,Topper,atopperhu@walmart.com,Female,69.155.123.202
644,Chickie,Risdale,crisdalehv@cam.ac.uk,Male,221.147.102.131
645,Ermina,Haddeston,ehaddestonhw@slate.com,Female,55.28.123.231
646,Lucais,Howarth,lhowarthhx@e-recht24.de,Male,228.33.199.89
647,Boigie,Cullotey,bculloteyhy@ustream.tv,Male,229.27.243.251
648,Casper,Jurasz,cjuraszhz@japanpost.jp,Male,156.140.72.3
649,Dell,Haswall,dhaswalli0@youtu.be,Female,252.45.78.161
650,Anjela,Bangiard,abangiardi1@nsw.gov.au,Female,108.58.230.91
651,Madeleine,Lammin,mlammini2@deviantart.com,Female,225.213.252.54
652,Gweneth,Shufflebotham,gshufflebothami3@google.com,Female,32.127.35.150
653,Halimeda,Files,hfilesi4@techcrunch.com,Female,87.188.162.70
654,Dante,Poter,dpoteri5@angelfire.com,Male,13.245.123.80
655,Celina,Newport,cnewporti6@moonfruit.com,Female,226.221.181.46
656,Burg,Tonkes,btonkesi7@wunderground.com,Male,117.85.0.196
657,Flynn,Hinkins,fhinkinsi8@sfgate.com,Male,196.210.247.27
658,Rubetta,Golde,rgoldei9@google.it,Female,132.37.6.89
659,Noel,Munt,nmuntia@istockphoto.com,Female,187.123.177.163
660,Nettie,Diggles,ndigglesib@apache.org,Female,168.84.87.229
661,Dorella,Bewley,dbewleyic@nyu.edu,Female,202.193.239.51
662,Burg,Musker,bmuskerid@geocities.com,Male,130.84.230.246
663,Norrie,Cossem,ncossemie@marriott.com,Male,136.47.94.22
664,Allissa,Joannidi,ajoannidiif@earthlink.net,Female,129.171.29.235
665,Broderick,Kerrich,bkerrichig@chron.com,Male,86.31.86.172
666,Meade,Elms,melmsih@wordpress.com,Female,120.143.24.182
667,Mathilda,Domoney,mdomoneyii@blogger.com,Female,98.188.116.93
668,Zak,Ness,znessij@vk.com,Male,66.47.90.70
669,Massimiliano,De Coursey,mdecourseyik@hao123.com,Male,108.93.240.51
670,Janie,Curado,jcuradoil@ask.com,Female,17.35.243.68
671,Rafaello,Osgood,rosgoodim@ask.com,Male,205.237.80.213
672,Standford,Barwick,sbarwickin@networkadvertising.org,Male,14.194.100.144
673,Audie,Lensch,alenschio@blogger.com,Female,54.96.176.2
674,Patton,McFarland,pmcfarlandip@gravatar.com,Male,56.185.167.46
675,Brier,Hickeringill,bhickeringilliq@sbwire.com,Female,110.240.166.221
676,Gaylor,Jandourek,gjandourekir@github.io,Male,227.205.228.71
677,Francene,Kibby,fkibbyis@theglobeandmail.com,Female,7.62.135.237
678,Adaline,Lardeux,alardeuxit@mashable.com,Female,148.230.111.153
679,Berton,Altree,baltreeiu@craigslist.org,Male,47.86.188.126
680,Mel,Delort,mdelortiv@kickstarter.com,Female,159.58.92.203
681,Filippo,Benoi,fbenoiiw@noaa.gov,Male,191.18.212.114
682,Guthrey,Lett,glettix@cdc.gov,Male,198.88.181.90
683,Marcia,Starton,mstartoniy@1und1.de,Female,117.103.56.85
684,Corrine,Dailey,cdaileyiz@utexas.edu,Female,246.73.254.6
685,Keith,Flinders,kflindersj0@unesco.org,Male,254.255.18.151
686,Lynnell,Wadlow,lwadlowj1@bandcamp.com,Female,202.82.202.5
687,Lennie,Bourley,lbourleyj2@google.com.hk,Male,13.29.201.229
688,Morrie,Aubray,maubrayj3@abc.net.au,Male,59.163.220.172
689,Saudra,Rodrigo,srodrigoj4@usa.gov,Female,225.126.103.239
690,Freemon,Eales,fealesj5@booking.com,Male,137.42.95.184
691,Toiboid,Frackiewicz,tfrackiewiczj6@twitpic.com,Male,165.250.152.47
692,Codi,Parvin,cparvinj7@constantcontact.com,Female,24.14.51.62
693,Manolo,Colnett,mcolnettj8@irs.gov,Male,105.60.105.174
694,Pablo,Fardoe,pfardoej9@state.tx.us,Male,174.252.34.166
695,Ragnar,Woodger,rwoodgerja@ftc.gov,Male,26.165.199.18
696,Aile,Barns,abarnsjb@jiathis.com,Female,221.60.252.187
697,Alphard,Casa,acasajc@oracle.com,Male,127.125.48.106
698,Maddie,Cuerda,mcuerdajd@google.fr,Male,58.94.134.228
699,Roldan,McGeaney,rmcgeaneyje@cmu.edu,Male,120.173.70.178
700,Andy,Kliner,aklinerjf@smugmug.com,Female,222.135.248.205
701,Cort,Sallnow,csallnowjg@usa.gov,Male,36.12.189.248
702,Celie,Bromfield,cbromfieldjh@biblegateway.com,Female,74.218.7.45
703,Ward,Narramore,wnarramoreji@github.com,Male,65.175.146.45
704,Roger,Speed,rspeedjj@boston.com,Male,99.81.225.218
705,Trudey,Rodgier,trodgierjk@upenn.edu,Female,31.33.212.71
706,Penni,Wickliffe,pwickliffejl@icq.com,Female,90.225.137.73
707,Grange,Houseley,ghouseleyjm@washingtonpost.com,Male,231.89.91.0
708,Natividad,Covotti,ncovottijn@desdev.cn,Female,76.108.46.67
709,Sumner,Kingsbury,skingsburyjo@cyberchimps.com,Male,186.24.218.117
710,Lenee,Sertin,lsertinjp@odnoklassniki.ru,Female,109.57.134.88
711,Creight,Banham,cbanhamjq@hhs.gov,Male,230.226.9.248
712,Kare,Crafts,kcraftsjr@canalblog.com,Female,108.207.0.170
713,Nady,Maskall,nmaskalljs@ameblo.jp,Female,36.167.49.227
714,Steffen,Pattillo,spattillojt@apache.org,Male,192.222.132.178
715,Maurits,Bilovsky,mbilovskyju@fastcompany.com,Male,86.221.33.130
716,Thibaud,Kinvan,tkinvanjv@salon.com,Male,156.132.180.191
717,Di,Lupton,dluptonjw@phoca.cz,Female,15.85.133.159
718,Ulric,Tanser,utanserjx@delicious.com,Male,51.94.33.149
719,Yolane,Brehault,ybrehaultjy@prlog.org,Female,189.238.135.196
720,Damaris,Harmeston,dharmestonjz@google.pl,Female,209.141.148.197
721,Frances,Creffield,fcreffieldk0@sitemeter.com,Female,24.44.120.21
722,Mignonne,Raffin,mraffink1@ihg.com,Female,137.177.152.213
723,Winn,Hanks,whanksk2@nationalgeographic.com,Male,92.150.174.154
724,Sergeant,Woodfield,swoodfieldk3@globo.com,Male,64.117.154.4
725,Anastasie,Gandley,agandleyk4@nifty.com,Female,155.227.112.242
726,Hestia,Andrew,handrewk5@yandex.ru,Female,174.40.174.35
727,Rudiger,Raeburn,rraeburnk6@oakley.com,Male,117.165.136.250
728,Leah,Hainsworth,lhainsworthk7@symantec.com,Female,125.52.241.102
729,Ivie,Garcia,igarciak8@amazon.de,Female,1.39.65.209
730,Rad,Biasio,rbiasiok9@furl.net,Male,52.109.148.95
731,Dorene,Rameaux,drameauxka@noaa.gov,Female,175.239.180.222
732,Jessika,Dalby,jdalbykb@huffingtonpost.com,Female,236.8.211.63
733,Ignazio,Leirmonth,ileirmonthkc@parallels.com,Male,85.239.129.199
734,Tera,Joriot,tjoriotkd@va.gov,Female,201.31.247.159
735,Earvin,Gwinnell,egwinnellke@omniture.com,Male,68.26.112.200
736,Sarge,Marquet,smarquetkf@oaic.gov.au,Male,58.213.141.106
737,Harmonia,Belcham,hbelchamkg@wiley.com,Female,111.18.197.149
738,Boothe,Delooze,bdeloozekh@virginia.edu,Male,40.212.114.40
739,Clarence,Brend,cbrendki@studiopress.com,Male,107.253.234.225
740,Guillaume,Stallard,gstallardkj@ca.gov,Male,33.196.216.220
741,Janelle,Beever,jbeeverkk@t.co,Female,16.182.152.107
742,Alica,Brea,abreakl@youtu.be,Female,3.162.120.219
743,Alanson,McLugish,amclugishkm@discovery.com,Male,194.56.58.169
744,Philippe,Weson,pwesonkn@toplist.cz,Female,211.236.78.132
745,Alikee,Oxbury,aoxburyko@constantcontact.com,Female,29.135.237.249
746,Carlie,Menichini,cmenichinikp@1688.com,Female,165.150.51.22
747,Coriss,Bernth,cbernthkq@bluehost.com,Female,116.139.193.48
748,Dunc,Defond,ddefondkr@aboutads.info,Male,55.17.144.54
749,Madlin,Aimable,maimableks@webs.com,Female,141.3.73.36
750,Major,Curling,mcurlingkt@intel.com,Male,236.161.233.223
751,Nerti,Trace,ntraceku@walmart.com,Female,39.13.6.35
752,Madelyn,Olcot,molcotkv@blinklist.com,Female,251.74.152.15
753,Ciel,Bocken,cbockenkw@globo.com,Female,172.124.96.220
754,Libby,Saddington,lsaddingtonkx@mayoclinic.com,Female,6.62.239.49
755,Jacques,De Domenici,jdedomeniciky@cbsnews.com,Male,53.51.85.105
756,Holly,Cottom,hcottomkz@hp.com,Male,212.220.100.196
757,Salomone,Agron,sagronl0@aboutads.info,Male,217.104.115.82
758,Galvan,Romeril,gromerill1@tuttocitta.it,Male,229.231.182.118
759,Nydia,McLafferty,nmclaffertyl2@virginia.edu,Female,108.46.154.23
760,Loretta,Hacon,lhaconl3@un.org,Female,118.205.217.99
761,Gabriella,Lowthorpe,glowthorpel4@economist.com,Female,155.187.100.72
762,Raphaela,Hubert,rhubertl5@mozilla.org,Female,121.223.20.43
763,Juliann,Stollman,jstollmanl6@wikimedia.org,Female,254.246.223.7
764,Les,Peaddie,lpeaddiel7@examiner.com,Male,114.90.150.12
765,Letti,Gircke,lgirckel8@bravesites.com,Female,126.57.153.45
766,Cecily,Brotherick,cbrotherickl9@mail.ru,Female,17.156.32.17
767,Theadora,Siviour,tsiviourla@icio.us,Female,66.57.253.253
768,Meggy,O'Grada,mogradalb@usgs.gov,Female,31.102.38.5
769,Carmita,Gooderson,cgoodersonlc@ebay.co.uk,Female,197.140.82.17
770,Kailey,Bantick,kbantickld@artisteer.com,Female,172.156.39.81
771,Gabrielle,Crebbin,gcrebbinle@ed.gov,Female,111.224.143.54
772,Amie,Maddox,amaddoxlf@arizona.edu,Female,217.194.198.41
773,Cobb,Rue,cruelg@constantcontact.com,Male,74.111.240.35
774,Alister,Mackison,amackisonlh@eepurl.com,Male,82.226.211.158
775,Val,Scammonden,vscammondenli@printfriendly.com,Male,255.237.42.232
776,Mariejeanne,Sitwell,msitwelllj@sitemeter.com,Female,40.52.252.97
777,Kennith,Farlowe,kfarlowelk@ocn.ne.jp,Male,36.140.239.59
778,Vinny,Kinghorn,vkinghornll@pcworld.com,Male,85.183.188.228
779,Fanny,Grestye,fgrestyelm@hatena.ne.jp,Female,172.189.114.119
780,Gerhard,Richen,grichenln@hugedomains.com,Male,131.36.226.236
781,Shayna,Dugdale,sdugdalelo@columbia.edu,Female,148.9.212.168
782,Melantha,Tromans,mtromanslp@indiatimes.com,Female,92.11.77.80
783,Araldo,Edwicker,aedwickerlq@hao123.com,Male,150.7.85.1
784,Vanna,Burbridge,vburbridgelr@bing.com,Female,134.192.229.138
785,Sarajane,Kitchingman,skitchingmanls@marriott.com,Female,84.254.76.128
786,Truman,Kender,tkenderlt@diigo.com,Male,153.204.116.175
787,Salaidh,Kingzet,skingzetlu@addtoany.com,Female,118.57.206.70
788,Urson,McCaskill,umccaskilllv@cdbaby.com,Male,129.46.77.212
789,Pail,Dockray,pdockraylw@dropbox.com,Male,71.104.213.232
790,Pinchas,Bilbie,pbilbielx@microsoft.com,Male,208.245.52.36
791,Sasha,Gibby,sgibbyly@zimbio.com,Male,74.144.40.53
792,Ragnar,Bachmann,rbachmannlz@newsvine.com,Male,223.152.32.224
793,Christina,Trenfield,ctrenfieldm0@cnet.com,Female,134.24.81.86
794,Sean,Caudle,scaudlem1@paypal.com,Female,170.194.112.177
795,Brodie,Vasilkov,bvasilkovm2@cyberchimps.com,Male,123.134.193.169
796,Keenan,Blincko,kblinckom3@soup.io,Male,168.224.138.211
797,Tine,Bolding,tboldingm4@paginegialle.it,Female,205.77.209.62
798,Norene,Hatrey,nhatreym5@bigcartel.com,Female,255.226.18.96
799,Leontine,Castanone,lcastanonem6@marketwatch.com,Female,90.119.255.67
800,Karlyn,Litzmann,klitzmannm7@phoca.cz,Female,43.131.95.123
801,Danice,Lucy,dlucym8@de.vu,Female,188.69.191.169
802,Rosco,Warman,rwarmanm9@ezinearticles.com,Male,1.245.33.123
803,Jodi,MacPherson,jmacphersonma@upenn.edu,Female,120.64.9.156
804,Florence,Becraft,fbecraftmb@goo.gl,Female,41.184.252.253
805,Brendin,Harbage,bharbagemc@businesswire.com,Male,98.63.221.44
806,Patricio,Usmar,pusmarmd@ustream.tv,Male,38.243.182.154
807,Luca,Ellsom,lellsomme@homestead.com,Male,178.113.134.15
808,Solly,Keohane,skeohanemf@scientificamerican.com,Male,51.75.113.8
809,Gayler,Dairton,gdairtonmg@nbcnews.com,Male,110.144.211.111
810,Roman,Frew,rfrewmh@google.nl,Male,76.101.194.41
811,Charin,Grishmanov,cgrishmanovmi@google.com,Female,255.15.151.49
812,Carree,Redmire,credmiremj@ebay.com,Female,52.227.209.22
813,Hazlett,Doodson,hdoodsonmk@gravatar.com,Male,43.1.72.162
814,Ame,Swadon,aswadonml@networksolutions.com,Female,88.107.26.247
815,Gottfried,Shillingford,gshillingfordmm@infoseek.co.jp,Male,26.144.148.64
816,Sunny,Worpole,sworpolemn@howstuffworks.com,Female,215.17.220.83
817,Thacher,Payn,tpaynmo@sciencedirect.com,Male,179.13.46.76
818,Howard,Bordman,hbordmanmp@lycos.com,Male,8.89.231.211
819,Neile,Langham,nlanghammq@techcrunch.com,Female,99.183.62.228
820,Thain,Domingues,tdominguesmr@delicious.com,Male,47.80.122.189
821,Jobina,Beckett,jbeckettms@fc2.com,Female,223.146.213.35
822,Gypsy,Twinbrow,gtwinbrowmt@hhs.gov,Female,51.119.155.241
823,Kacy,Banger,kbangermu@nydailynews.com,Female,122.1.83.127
824,Sharon,Pinn,spinnmv@merriam-webster.com,Female,167.42.104.8
825,Keith,Boanas,kboanasmw@feedburner.com,Male,220.110.232.183
826,Tobiah,Laughlan,tlaughlanmx@telegraph.co.uk,Male,163.46.180.248
827,Tomkin,Pillington,tpillingtonmy@usda.gov,Male,31.57.36.253
828,Ashlen,Joist,ajoistmz@disqus.com,Female,64.45.189.144
829,Corby,Hayfield,chayfieldn0@washington.edu,Male,50.149.35.233
830,Lilyan,Fusco,lfuscon1@slashdot.org,Female,119.33.196.15
831,Marty,Schrei,mschrein2@sohu.com,Male,167.33.233.175
832,Anne-corinne,Pessler,apesslern3@twitpic.com,Female,63.230.203.182
833,Marja,McCusker,mmccuskern4@myspace.com,Female,199.11.63.86
834,Rorie,Bellis,rbellisn5@networksolutions.com,Female,22.53.108.205
835,Andromache,Addington,aaddingtonn6@woothemes.com,Female,113.195.77.131
836,Neysa,Keyser,nkeysern7@ed.gov,Female,214.46.94.116
837,Daryl,Freak,dfreakn8@sciencedaily.com,Female,6.238.8.158
838,Kristofer,Isaksson,kisakssonn9@google.co.jp,Male,9.16.253.122
839,Warren,Goldhill,wgoldhillna@ebay.com,Male,151.129.142.87
840,Rourke,Hunt,rhuntnb@accuweather.com,Male,171.0.79.226
841,Lennard,Cuvley,lcuvleync@msu.edu,Male,147.171.133.175
842,Ted,Holson,tholsonnd@blogger.com,Male,253.36.30.60
843,Zenia,Magenny,zmagennyne@sun.com,Female,22.47.114.109
844,Creigh,Castana,ccastananf@nifty.com,Male,222.103.167.155
845,Gay,Ebbetts,gebbettsng@elpais.com,Female,156.249.12.94
846,Mahmud,Fenimore,mfenimorenh@vkontakte.ru,Male,160.170.216.177
847,Gale,Cometson,gcometsonni@cornell.edu,Female,88.69.112.29
848,Candra,Demougeot,cdemougeotnj@bbb.org,Female,210.210.149.61
849,Blondie,Stollmeier,bstollmeiernk@sciencedirect.com,Female,226.181.33.7
850,Mozelle,Penkethman,mpenkethmannl@infoseek.co.jp,Female,208.210.27.207
851,Geralda,Houtbie,ghoutbienm@vkontakte.ru,Female,139.240.182.135
852,Pat,Maryott,pmaryottnn@chronoengine.com,Male,159.51.121.154
853,Flemming,Mussett,fmussettno@gravatar.com,Male,236.117.50.236
854,Adrian,Isaak,aisaaknp@usgs.gov,Male,200.220.240.64
855,Ina,Ayliff,iayliffnq@nifty.com,Female,179.190.115.206
856,Tiffi,MacInherney,tmacinherneynr@ucoz.com,Female,250.208.73.21
857,Becky,Russell,brussellns@phpbb.com,Female,201.212.134.236
858,Rikki,Algie,ralgient@rambler.ru,Male,194.42.149.159
859,Becky,Gales,bgalesnu@google.pl,Female,170.244.67.38
860,Baxy,Durnill,bdurnillnv@hao123.com,Male,215.48.237.109
861,Anya,Bendix,abendixnw@go.com,Female,136.143.245.138
862,Teodor,Isacq,tisacqnx@dedecms.com,Male,93.45.102.235
863,Auroora,Scottesmoor,ascottesmoorny@lulu.com,Female,171.58.167.47
864,Fields,Bedder,fbeddernz@theglobeandmail.com,Male,167.196.61.80
865,Rubi,Elsbury,relsburyo0@nsw.gov.au,Female,153.255.235.232
866,Chance,Whitloe,cwhitloeo1@bbb.org,Male,81.250.121.243
867,Barnabas,Trower,btrowero2@51.la,Male,223.29.75.184
868,Arv,Calliss,acallisso3@hatena.ne.jp,Male,241.187.131.228
869,Tomasine,Vanner,tvannero4@163.com,Female,91.231.163.17
870,Demetra,Ruprecht,druprechto5@blogtalkradio.com,Female,63.95.30.98
871,Annabal,Hatcher,ahatchero6@abc.net.au,Female,159.74.141.231
872,Jamaal,Meysham,jmeyshamo7@dell.com,Male,130.136.29.200
873,Annecorinne,Cousins,acousinso8@seesaa.net,Female,184.181.96.97
874,Carce,Pilipyak,cpilipyako9@weather.com,Male,8.48.134.222
875,Gerti,O'Crigane,gocriganeoa@msu.edu,Female,129.215.235.172
876,Josy,Gerardi,jgerardiob@hao123.com,Female,31.229.137.24
877,Nealson,Iannini,nianninioc@craigslist.org,Male,135.196.124.167
878,Addie,Saffran,asaffranod@pagesperso-orange.fr,Female,70.24.113.151
879,Ailee,Walby,awalbyoe@boston.com,Female,116.206.98.218
880,Madlin,Attiwill,mattiwillof@usnews.com,Female,28.209.110.138
881,Jephthah,Appleyard,jappleyardog@parallels.com,Male,38.73.247.147
882,Clementina,Meigh,cmeighoh@is.gd,Female,144.148.161.79
883,Barnebas,Kidder,bkidderoi@vimeo.com,Male,182.93.99.133
884,Ilyssa,Coale,icoaleoj@ovh.net,Female,246.113.60.126
885,Hillie,Ferryman,hferrymanok@tumblr.com,Male,255.241.11.111
886,Jeannette,Idel,jidelol@artisteer.com,Female,225.132.121.99
887,Niles,Dulanty,ndulantyom@wunderground.com,Male,201.106.31.249
888,Lynnell,Spadelli,lspadellion@cbslocal.com,Female,204.215.49.199
889,Austin,Heatherington,aheatheringtonoo@weather.com,Male,236.134.251.252
890,Purcell,Coveney,pcoveneyop@samsung.com,Male,49.242.229.150
891,Crosby,Brandli,cbrandlioq@barnesandnoble.com,Male,130.153.233.171
892,Sig,Quarless,squarlessor@newsvine.com,Male,185.80.186.14
893,Dennis,Pracy,dpracyos@bandcamp.com,Male,246.223.38.210
894,Dita,Tyreman,dtyremanot@altervista.org,Female,58.60.200.110
895,Cassandre,Sargison,csargisonou@amazon.co.jp,Female,134.214.39.65
896,Jarad,Storrar,jstorrarov@wsj.com,Male,34.240.255.202
897,Kellia,Extance,kextanceow@prlog.org,Female,189.176.146.147
898,Millie,Maykin,mmaykinox@dell.com,Female,142.248.228.158
899,Rooney,Clendening,rclendeningoy@ning.com,Male,83.163.225.16
900,Donny,Swett,dswettoz@lycos.com,Female,46.60.59.108
901,Louis,Ravillas,lravillasp0@bbb.org,Male,233.179.4.208
902,Marietta,Iwanicki,miwanickip1@wordpress.com,Male,173.27.175.38
903,Avril,Duffree,aduffreep2@domainmarket.com,Female,119.29.239.170
904,Gherardo,Cavnor,gcavnorp3@twitpic.com,Male,125.14.165.59
905,Marline,Dorrington,mdorringtonp4@paginegialle.it,Female,137.120.222.103
906,Adelle,Franzetti,afranzettip5@who.int,Female,237.164.20.208
907,Caprice,Stronack,cstronackp6@cpanel.net,Female,124.169.77.77
908,Bogart,Klimczak,bklimczakp7@cloudflare.com,Male,53.22.131.47
909,Hugues,Duggen,hduggenp8@list-manage.com,Male,234.57.253.106
910,Martynne,Frangione,mfrangionep9@wikispaces.com,Female,9.33.165.33
911,Monty,Enoksson,menokssonpa@accuweather.com,Male,237.183.188.171
912,Alidia,Rilton,ariltonpb@redcross.org,Female,17.140.34.251
913,Riley,Jenk,rjenkpc@answers.com,Male,136.23.240.182
914,Ossie,Merfin,omerfinpd@barnesandnoble.com,Male,241.98.210.21
915,Darby,Marlowe,dmarlowepe@msu.edu,Male,214.22.90.39
916,Petey,Gingedale,pgingedalepf@infoseek.co.jp,Male,67.206.84.144
917,Armando,Haresign,aharesignpg@ucoz.ru,Male,163.127.225.17
918,Gizela,Cavee,gcaveeph@squarespace.com,Female,204.253.179.8
919,Julina,Irdale,jirdalepi@tripadvisor.com,Female,119.231.61.83
920,Luisa,Poulston,lpoulstonpj@ovh.net,Female,85.19.4.155
921,Gael,Stodit,gstoditpk@nationalgeographic.com,Female,205.115.10.168
922,Celina,Sketcher,csketcherpl@printfriendly.com,Female,193.131.185.227
923,Chelsie,Bloore,cbloorepm@ebay.com,Female,74.146.111.0
924,Romeo,Vigus,rviguspn@dailymotion.com,Male,50.117.72.46
925,Archambault,Whittock,awhittockpo@huffingtonpost.com,Male,80.240.111.60
926,Amelita,Wardrop,awardroppp@homestead.com,Female,144.94.243.13
927,Perren,Grzegorzewski,pgrzegorzewskipq@lulu.com,Male,169.73.120.192
928,Bucky,Clow,bclowpr@dmoz.org,Male,221.60.197.185
929,Alane,Larmor,alarmorps@homestead.com,Female,17.134.143.244
930,Kettie,Slobom,kslobompt@mozilla.com,Female,199.71.220.198
931,Guillaume,Ginie,gginiepu@va.gov,Male,138.73.97.137
932,Morgen,Loxly,mloxlypv@goo.ne.jp,Female,238.53.26.104
933,Rudolph,Hallford,rhallfordpw@hostgator.com,Male,226.156.97.12
934,Colline,Huncoot,chuncootpx@miibeian.gov.cn,Female,172.135.174.134
935,Simonette,Cardenoso,scardenosopy@flickr.com,Female,199.210.68.232
936,Raimund,Kubacek,rkubacekpz@tripadvisor.com,Male,104.57.20.99
937,Feliza,Wasling,fwaslingq0@unblog.fr,Female,120.21.85.13
938,Nolana,Ardy,nardyq1@foxnews.com,Female,22.94.110.65
939,Samuele,Garratt,sgarrattq2@umn.edu,Male,168.242.5.204
940,Vernor,Zambon,vzambonq3@ustream.tv,Male,174.78.251.254
941,Em,Garden,egardenq4@deliciousdays.com,Female,86.136.50.242
942,Margot,Broseke,mbrosekeq5@unblog.fr,Female,70.67.245.51
943,Kirk,Scarbarrow,kscarbarrowq6@mail.ru,Male,189.80.214.187
944,Skell,Terzza,sterzzaq7@unc.edu,Male,131.157.119.63
945,Issiah,Gleed,igleedq8@techcrunch.com,Male,212.195.40.43
946,Daven,Mathy,dmathyq9@reverbnation.com,Male,197.26.64.168
947,Jone,Goodinge,jgoodingeqa@census.gov,Male,26.51.71.122
948,Thibaut,Pawson,tpawsonqb@usnews.com,Male,111.69.195.52
949,Halley,Sissland,hsisslandqc@t-online.de,Female,58.245.76.153
950,Aguie,Dunkinson,adunkinsonqd@sciencedirect.com,Male,99.9.85.118
951,Modestia,Pablos,mpablosqe@webnode.com,Female,109.110.79.41
952,Dane,Billanie,dbillanieqf@webeden.co.uk,Male,137.241.140.72
953,Donica,Shapcote,dshapcoteqg@mediafire.com,Female,75.134.103.79
954,Orson,Kyd,okydqh@sciencedaily.com,Male,171.44.157.202
955,Ursulina,Voden,uvodenqi@guardian.co.uk,Female,123.83.147.133
956,Garreth,Weed,gweedqj@webs.com,Male,215.57.191.6
957,Lorri,Richens,lrichensqk@chron.com,Female,168.177.213.156
958,Valentina,Scipsey,vscipseyql@sfgate.com,Female,33.9.48.223
959,Wilton,Ivashin,wivashinqm@weather.com,Male,33.92.62.246
960,Margy,Keveren,mkeverenqn@technorati.com,Female,157.166.224.30
961,Jeanne,Dotson,jdotsonqo@mediafire.com,Female,21.228.237.97
962,Denyse,Santos,dsantosqp@springer.com,Female,121.117.125.129
963,Isa,Eriksson,ierikssonqq@vistaprint.com,Male,128.171.164.65
964,Olly,Maltby,omaltbyqr@geocities.com,Female,99.146.43.143
965,Leonerd,Archambault,larchambaultqs@adobe.com,Male,227.14.21.235
966,Ainslee,Cornu,acornuqt@statcounter.com,Female,74.153.172.25
967,Bartolemo,Frise,bfrisequ@rambler.ru,Male,213.22.11.180
968,Cissy,Bynert,cbynertqv@pen.io,Female,114.61.103.61
969,Minetta,Farbrother,mfarbrotherqw@artisteer.com,Female,121.116.30.246
970,Amelie,Newman,anewmanqx@loc.gov,Female,230.16.24.135
971,Britt,Steane,bsteaneqy@dyndns.org,Female,130.253.95.61
972,Elisha,Nairn,enairnqz@newyorker.com,Female,73.1.26.77
973,Gretal,Fleet,gfleetr0@mashable.com,Female,10.201.140.64
974,Skyler,Corran,scorranr1@google.nl,Male,142.161.121.162
975,Wells,Stamps,wstampsr2@gmpg.org,Male,124.234.163.91
976,Dora,Diprose,ddiproser3@nature.com,Female,12.64.230.196
977,Elisabet,Reis,ereisr4@printfriendly.com,Female,161.84.100.35
978,Edgardo,Houndesome,ehoundesomer5@unesco.org,Male,209.126.180.39
979,Mel,Petrelli,mpetrellir6@goo.gl,Female,89.98.208.152
980,Cary,Arkow,carkowr7@constantcontact.com,Male,214.52.91.224
981,Bette,Peppard,bpeppardr8@sogou.com,Female,61.171.219.145
982,Eustace,Mylchreest,emylchreestr9@army.mil,Male,234.110.156.194
983,Brandtr,Clerc,bclercra@google.fr,Male,81.11.141.119
984,Constancia,Prestidge,cprestidgerb@behance.net,Female,190.245.180.82
985,Liane,Boylan,lboylanrc@imageshack.us,Female,144.142.13.161
986,Humphrey,Reeveley,hreeveleyrd@lycos.com,Male,118.244.83.155
987,Rebe,Denman,rdenmanre@sohu.com,Female,139.109.113.212
988,Letizia,McQuade,lmcquaderf@statcounter.com,Female,106.138.19.100
989,Olenka,Surgeoner,osurgeonerrg@icq.com,Female,71.97.73.11
990,Griffin,Jayne,gjaynerh@networksolutions.com,Male,26.36.141.64
991,Moll,Laurenty,mlaurentyri@statcounter.com,Female,84.86.204.167
992,Marleen,Leeves,mleevesrj@uiuc.edu,Female,195.215.44.245
993,Terrance,Burwood,tburwoodrk@ebay.com,Male,65.112.6.160
994,Janette,Clackers,jclackersrl@cbslocal.com,Female,34.119.93.135
995,Hilliard,Linggood,hlinggoodrm@usgs.gov,Male,125.37.72.198
996,Ulrick,Larkin,ularkinrn@msn.com,Male,71.198.168.241
997,Jory,Cato,jcatoro@ycombinator.com,Male,37.157.234.58
998,Horatio,Filewood,hfilewoodrp@washingtonpost.com,Male,151.192.226.163
999,Aluino,Kerss,akerssrq@walmart.com,Male,116.20.145.65
1000,Chen,Warden,cwardenrr@webeden.co.uk,Male,226.115.221.183
1001,Testowe Imie,Testowe Nazwisko,test@test.com,Female,127.0.0.1
1002,Testowe Imie,Testowe Nazwisko,test@test.com,Female,127.0.0.1
1003,Testowe Imie,Testowe Nazwisko,test@test.com,Female,127.0.0.1
1004,Testowe Imie,Testowe Nazwisko,test@test.com,Female,127.0.0.1
1005,Testowe Imie,Testowe Nazwisko,test@test.com,Female,127.0.0.1
